iata,name,city,country,type,keywords
AAA,Anaa Airport,Anaa,PF,M,
AAC,El Arish International Airport,El Arish,EG,M,
AAE,Annaba Rabah Bitat Airport,Annaba,DZ,M,Les Salines Airport El Mellah Airport Annabah
AAK,Aranuka Airport,Buariki,KI,S,Tarawa
AAL,Aalborg Airport,Aalborg,DK,M,
AAN,Al Ain International Airport,Al Ain,AE,M,
AAP,Aji Pangeran Tumenggung Pranoto International Airport,Samarinda,ID,M,Sungai Siring Airport
AAQ,Anapa Vityazevo Airport,Krasnyi Kurgan,RU,M,Vityazevo Airport
AAR,Aarhus Airport,Aarhus,DK,M,
AAT,Altay Xuedu Airport,Altay,CN,M,Altay Air Base
AAU,Asau Airport,Asau,WS,S,
AAX,Romeu Zema Airport,Araxá,BR,M,
AAY,Al Ghaydah International Airport,Al Ghaydah,YE,M,ODAG
AAZ,Quezaltenango Airport,Quezaltenango,GT,S,Los Altos Airport Xelajú Xela
ABA,Abakan International Airport,Abakan,RU,M,
ABD,Abadan Airport,Abadan,IR,M,
ABE,Lehigh Valley International Airport,Allentown,US,M,
ABI,Abilene Regional Airport,Abilene,US,M,
ABJ,Félix-Houphouët-Boigny International Airport,Abidjan,CI,M,Port Bouët
ABK,Kebri Dahar Airport,Kebri Dahar,ET,M,Kabri Dar
ABL,Ambler Airport,Ambler,US,M,Z60
ABM,Northern Peninsula Airport,Bamaga,AU,S,YBAM Bamaga Airport Bamaga Injinoo Airport Somerset
ABQ,Albuquerque International Sunport,Albuquerque,US,L,
ABR,Aberdeen Regional Airport,Aberdeen,US,M,
ABS,Abu Simbel Airport,Abu Simbel,EG,M,
ABT,King Saud Bin Abdulaziz (Al Baha) Airport,Al-Baha,SA,M,Al-Aqiq
ABU,AA Bere Tallo (Haliwen) Airport,Atambua,ID,S,WRKA
ABV,Nnamdi Azikiwe International Airport,Abuja,NG,L,
ABX,Albury Airport,Albury,AU,M,
ABY,Southwest Georgia Regional Airport,Albany,US,M,
ABZ,Aberdeen Dyce Airport,Aberdeen,GB,M,
ACA,General Juan N. Álvarez International Airport,Acapulco,MX,M,
ACC,Kotoka International Airport,Accra,GH,L,
ACE,César Manrique-Lanzarote Airport,San Bartolomé,ES,L,Arrecife Airport
ACF,Aral Tarim Airport,Aral,CN,S,
ACH,Sankt Gallen Altenrhein Airport,St. Gallen,CH,M,
ACI,Alderney Airport,Saint Anne,GG,M,The Blaye Channel Islands
ACK,Nantucket Memorial Airport,Nantucket,US,M,
ACT,Waco Regional Airport,Waco,US,M,
ACV,California Redwood Coast-Humboldt County Airport,Arcata/Eureka,US,M,Arcata Airport
ACX,Xingyi Wanfenglin Airport,Xingyi,CN,M,
ACY,Atlantic City International Airport,Atlantic City,US,M,
ADA,Adana Şakirpaşa Airport,Seyhan,TR,M,Şakirpaşa Sakirpasa
ADB,Adnan Menderes International Airport,Gaziemir,TR,L,İzmir
ADD,Addis Ababa Bole International Airport,Addis Ababa,ET,L,Haile Selassie I Bole International Airport
ADE,Aden International Airport,Aden,YE,M,RAF Khormaksar
ADF,Adıyaman Airport,Adıyaman,TR,M,
ADJ,Amman Civil (Marka International) Airport,Amman,JO,M,King Abdullah Air Base
ADK,Adak Airport,Adak,US,M,
ADL,Adelaide International Airport,Adelaide,AU,L,
ADQ,Kodiak Airport,Kodiak,US,M,
ADU,Ardabil Airport,Ardabil,IR,M,
ADZ,Gustavo Rojas Pinilla International Airport,San Andrés,CO,M,
AEB,Baise (Bose) Bama Airport,Baise (Tianyang),CN,M,Tian Yang Air Base Bose airport 百色右江机场
AEH,Abeche Airport,Abeche,TD,M,
AEP,Jorge Newbery Airpark,Buenos Aires,AR,L,
AER,Sochi International Airport,Sochi,RU,L,Adler Airport Black Sea Международный Аэропорт Сочи
AES,"Ålesund Airport, Vigra",Ålesund,NO,M,Vigra
AET,Allakaket Airport,Allakaket,US,S,
AEU,Abu Musa Island Airport,Abu Musa,IR,M,
AEX,Alexandria International Airport,Alexandria,US,M,England Air Park England Air Force Base
AEY,Akureyri Airport,Akureyri,IS,M,
AFA,Suboficial Ay Santiago Germano Airport,San Rafael,AR,M,
AFL,Piloto Osvaldo Marques Dias Airport,Alta Floresta,BR,M,
AFS,Sugraly Airport,Zarafshan,UZ,S,
AFT,Afutara Aerodrome,Bila,SB,S,
AFZ,Sabzevar National Airport,Sabzevar,IR,M,
AGA,Al Massira Airport,Agadir (Temsia),MA,M,
AGE,Wangerooge Airport,Wangerooge,DE,S,
AGH,Ängelholm-Helsingborg Airport,Ängelholm,SE,M,ESDB Ängelholm Air Base
AGI,Wageningen Airstrip,Wageningen,SR,S,
AGJ,Aguni Airport,Aguni,JP,S,
AGP,Málaga-Costa del Sol Airport,Málaga,ES,L,Costa del Sol Malaga
AGR,Agra Airport / Agra Air Force Station,Agra,IN,M,Kheria Airport Pandit Deen Dayal Upadhyay Airport RAF Agra
AGS,Augusta Regional At Bush Field,Augusta,US,M,
AGT,Guaraní International Airport,Ciudad del Este,PY,L,Aeropuerto Internacional Guaraní
AGU,Jesús Terán Peredo International Airport,Aguascalientes,MX,M,Aguascalientes International Licenciado Jesús Terán Peredo Aeropuerto Internacional Jesús Terán Peredo
AGX,Agatti Airport,Agatti,IN,M,
AHB,Abha International Airport,Abha,SA,M,Abha Regional Airport
AHE,Ahe Airport,Ahe Atoll,PF,M,Tenukupara
AHO,Alghero-Fertilia Airport,Alghero,IT,M,Alghero Airport Sardinia Alghero - Riviera del Corallo Airport
AHU,Cherif Al Idrissi Airport,Al Hoceima,MA,M,
AIA,Alliance Municipal Airport,Alliance,US,M,
AIC,Ailinglaplap Airok Airport,Bigatyelang Island,MH,S,
AIN,Wainwright Airport,Wainwright,US,M,5WW
AIP,Adampur Airport,Adampur,IN,S,Adampur Air Force Station
AIT,Aitutaki Airport,Aitutaki,CK,S,
AIU,Enua Airport,Atiu Island,CK,S,
AJA,Ajaccio-Napoléon Bonaparte Airport,Ajaccio/Napoléon Bonaparte,FR,M,
AJF,Al-Jawf Domestic Airport,Al-Jawf,SA,M,Al Jouf Airport
AJI,Ağrı Airport,Ağrı,TR,M,
AJL,Lengpui Airport,Aizawl (Lengpui),IN,M,
AJN,Ouani Airport,Ouani,KM,M,
AJR,Arvidsjaur Airport,Arvidsjaur,SE,M,
AJU,Aracaju - Santa Maria International Airport,Aracaju,BR,M,
AJY,Mano Dayak International Airport,Agadez,NE,M,
AKA,Ankang Fuqiang Airport,Ankang (Hanbin),CN,S,
AKB,Atka Airport,Atka,US,S,40A
AKF,Kufra Airport,Kufra,LY,M,
AKI,Akiak Airport,Akiak,US,S,
AKJ,Asahikawa Airport,Higashikagura,JP,M,
AKK,Akhiok Airport,Akhiok,US,S,
AKL,Auckland International Airport,Auckland,NZ,L,
AKN,King Salmon Airport,King Salmon,US,M,Naknek Air Force Base
AKP,Anaktuvuk Pass Airport,Anaktuvuk Pass,US,M,
AKR,Akure Airport,Akure,NG,M,
AKS,Gwaunaru'u Airport,Auki,SB,S,
AKU,Aksu Hongqipo Airport,Aksu (Onsu),CN,M,Ak-su Akshu Aqsu Bharuka Po-lu-chia Aksu Wensu Air Base Onsu
AKV,Akulivik Airport,Akulivik,CA,S,YKO
AKX,Aktobe Airport,Aktobe,KZ,M,Aktyubinsk Airport Aktubinsk Airport Аэропорт Актюбинск
AKY,Sittwe Airport,Sittwe,MM,M,
ALA,Almaty International Airport,Almaty,KZ,L,Alma Ata
ALB,Albany International Airport,Albany,US,M,
ALC,Alicante-Elche Miguel Hernández Airport,Alicante,ES,L,
ALF,Alta Airport,Alta,NO,M,
ALG,Houari Boumediene Airport,Algiers,DZ,L,Algiers Maison Blanche
ALH,Albany Airport,Albany,AU,M,ABA YPAL
ALO,Waterloo Regional Airport,Waterloo,US,M,
ALP,Aleppo International Airport,Aleppo,SY,M,مطار حلب الدولي
ALS,San Luis Valley Regional Airport/Bergman Field,Alamosa,US,M,
ALW,Walla Walla Regional Airport,Walla Walla,US,M,
AMA,Rick Husband Amarillo International Airport,Amarillo,US,M,
AMD,Sardar Vallabh Bhai Patel International Airport,Ahmedabad,IN,M,Gandhinagar Air Force Station
AMH,Arba Minch Airport,Arba Minch,ET,M,Gantar Minghi
AMM,Queen Alia International Airport,Amman,JO,L,
AMQ,Pattimura International Airport,Ambon,ID,M,
AMS,Amsterdam Airport Schiphol,Amsterdam,NL,L,
AMV,Amderma Airport,Amderma,RU,M,
ANC,Ted Stevens Anchorage International Airport,Anchorage,US,L,
ANF,Andrés Sabella Gálvez International Airport,Antofagasta,CL,M,Cerro Moreno Airport
ANI,Aniak Airport,Aniak,US,M,
ANR,Antwerp International Airport (Deurne),Antwerp,BE,M,
ANS,Andahuaylas Airport,Andahuaylas,PE,S,
ANU,V C Bird International Airport,Osbourn,AG,M,St. John's
ANV,Anvik Airport,Anvik,US,M,
ANX,"Andøya Airport, Andenes",Andenes,NO,M,
AOE,Anadolu Airport,Eskişehir,TR,M,
AOG,Anshan Teng'ao Airport / Anshan Air Base,Anshan,CN,M,
AOI,Marche Airport,Falconara Marittima (AN),IT,M,Ancona Ancona Falconara Airport Falconara Raffaello Sanzio Airport
AOJ,Aomori Airport,Aomori,JP,M,
AOK,Karpathos Airport,Karpathos Island,GR,M,
AOO,Altoona Blair County Airport,Altoona,US,M,
AOR,Sultan Abdul Halim Airport,Alor Satar,MY,M,
APK,Apataki Airport,Apataki,PF,S,
APL,Nampula Airport,Nampula,MZ,M,
APN,Alpena County Regional Airport,Alpena,US,M,
APO,Antonio Roldán Betancur Airport,Carepa,CO,M,
APW,Faleolo International Airport,Apia,WS,M,
AQA,Araraquara Airport,Araraquara,BR,M,
AQG,Anqing Tianzhushan Airport / Anqing North Air Base,Anqing,CN,M,
AQI,Al Qaisumah/Hafr Al Batin Airport,Qaisumah,SA,M,Qaisumah Domestic Airport
AQJ,Aqaba King Hussein International Airport,Aqaba,JO,M,
AQP,Rodríguez Ballón International Airport,Arequipa,PE,M,
ARC,Arctic Village Airport,Arctic Village,US,M,
ARD,Alor Island - Mali Airport,Kabola,ID,S,
ARH,Talagi Airport,Archangelsk,RU,M,Арха́нгельск Archangel
ARI,Chacalluta Airport,Arica,CL,M,
ARK,Arusha Airport,Arusha,TZ,M,
ARM,Armidale Airport,Armidale,AU,M,
ARN,Stockholm-Arlanda Airport,Stockholm,SE,L,
ART,Watertown International Airport,Watertown,US,M,
ARU,Araçatuba Airport,Araçatuba,BR,M,Dario Guarita State Airport
ARW,Arad International Airport,Arad,RO,M,
ASA,Assab International Airport,Asab,ER,M,
ASB,Ashgabat International Airport,Ashgabat,TM,L,Saparmurat Turkmenbashy International Airport
ASE,Aspen-Pitkin County Airport (Sardy Field),Aspen,US,M,
ASF,Astrakhan Narimanovo Boris M. Kustodiev International Airport,Astrakhan,RU,M,Astrahan Airport Narimanovo Airport Аэропорт Астрахань Аэропорт Нариманово
ASI,RAF Ascension Island,Cat Hill,SH,M,Wideawake Airfield Ascension Island Auxiliary Field
ASJ,Amami Airport,Amami,JP,M,
ASM,Asmara International Airport,Asmara,ER,M,
ASO,Asosa Airport,Asosa,ET,M,
ASP,Alice Springs Airport,Alice Springs,AU,M,
ASR,Kayseri Erkilet Airport,Kayseri,TR,M,
ASU,Silvio Pettirossi International Airport,Asunción,PY,L,Luque Stroessner Aeropuerto Internacional Silvio Pettirossi
ASV,Amboseli Airport,Amboseli National Park,KE,M,Maasai Amboseli Game Reserve
ASW,Aswan International Airport,Aswan,EG,M,
ATB,Atbara Airport,Atbara,SD,S,
ATC,Arthur's Town Airport,Arthur's Town,BS,M,
ATD,Uru Harbour Airport,Atoifi,SB,S,
ATH,Athens Eleftherios Venizelos International Airport,Spata-Artemida,GR,L,
ATK,Atqasuk Edward Burnell Sr Memorial Airport,Atqasuk,US,M,Z46
ATL,Hartsfield Jackson Atlanta International Airport,Atlanta,US,L,
ATM,Altamira Interstate Airport,Altamira,BR,M,
ATP,Aitape Airport,Aitape,PG,S,
ATQ,Sri Guru Ram Dass Jee International Airport,Amritsar,IN,M,Amritsar Air Force Station
ATT,Atmautluak Airport,Atmautluak,US,S,08AK
ATW,Appleton International Airport,Appleton,US,M,Outagamie County Regional Airport
ATY,Watertown Regional Airport,Watertown,US,M,
ATZ,Asyut International Airport,Asyut,EG,M,Asyut
AUA,Queen Beatrix International Airport,Oranjestad,AW,L,Playa
AUC,Santiago Perez Airport,Arauca,CO,M,
AUG,Augusta State Airport,Augusta,US,M,
AUH,Zayed International Airport,Abu Dhabi,AE,L,Abu Dhabi International
AUK,Alakanuk Airport,Alakanuk,US,S,
AUL,Aur Island Airport,Aur Atoll,MH,S,
AUQ,Hiva Oa-Atuona Airport,Hiva Oa Island,PF,M,HIX
AUR,Aurillac Airport,Aurillac,FR,M,
AUS,Austin Bergstrom International Airport,Austin,US,L,BSM KBSM Bergstrom AFB
AUU,Aurukun Airport,Aurukun,AU,S,
AUX,Araguaína Airport,Araguaína,BR,M,
AVA,Anshun Huangguoshu Airport,Anshun (Xixiu),CN,M,
AVK,Arvaikheer Airport,Arvaikheer,MN,M,
AVL,Asheville Regional Airport,Asheville,US,M,
AVN,Avignon-Caumont Airport,"Avignon, Vaucluse",FR,M,
AVP,Wilkes Barre Scranton International Airport,Wilkes-Barre/Scranton,US,M,
AVV,Avalon Airport,Lara,AU,M,Lara Geelong
AWA,Hawassa International Airport,Hawassa,ET,M,Awasa
AWK,Wake Island Airfield,Wake Island,UM,M,
AWZ,Lieutenant General Qasem Soleimani International Airport,Ahvaz,IR,M,Ahvaz Ahvaz International Airport Ahwaz
AXA,Clayton J Lloyd International Airport,The Valley,AI,M,Wallblake Airport
AXD,Alexandroupoli Democritus Airport,Alexandroupolis,GR,M,
AXF,Alxa Left Banner Bayanhot Airport,Bayanhot,CN,M,
AXJ,Amakusa Airport,Amakusa,JP,S,
AXM,El Eden Airport,Armenia,CO,M,
AXP,Spring Point Airport,Spring Point,BS,M,
AXR,Arutua Airport,,PF,M,
AXT,Akita Airport,Akita,JP,M,
AXU,Axum Airport,Axum,ET,M,Aksum Emperor Yohannes IV Airport
AYJ,Ayodhya Airport,Faizabad,IN,M,Maharishi Valmiki International
AYP,Air Force Colonel Alfredo Mendivil Duarte Airport,Ayacucho,PE,M,Coronel FAP Alfredo Mendivil Duarte
AYQ,Ayers Rock Connellan Airport,Yulara,AU,M,Ayers Rock Uluru
AYT,Antalya International Airport,Antalya,TR,L,
AZA,Mesa Gateway Airport,Mesa,US,M,Higley Field CHD Phoenix-Mesa Gateway Airport Williams Air Force Base Williams Gateway Airport
AZD,Shahid Sadooghi Airport,Yazd,IR,M,
AZN,Andizhan Airport,Andizhan,UZ,M,UTKA Andijan Airport
AZO,Kalamazoo Battle Creek International Airport,Kalamazoo,US,M,
AZR,Touat Cheikh Sidi Mohamed Belkebir Airport,Adrar,DZ,M,
AZS,Samaná El Catey International Airport,Samana,DO,M,
BAG,Loakan Airport,Baguio City,PH,M,Baguio Airport
BAH,Bahrain International Airport,Manama,BH,L,مطار البحرين الدولي
BAL,Batman Airport,Batman,TR,M,
BAQ,Ernesto Cortissoz International Airport,Barranquilla,CO,M,
BAR,Qionghai Bo'ao Airport,Qionghai (Basuo),CN,M,
BAS,Ballalae Airport,Ballalae,SB,S,
BAV,Baotou Donghe Airport,Baotou,CN,M,Erliban
BAX,Barnaul Airport,Barnaul,RU,M,Аэропорт Барнаул Barnaul West Mikhaylovka Novomikhaylovka
BAY,Maramureș International Airport,Tăuții-Măgherăuș,RO,M,Baia Mare
BAZ,Barcelos Airport,Barcelos,BR,S,
BBA,Balmaceda Airport,Balmaceda,CL,M,
BBG,Butaritari Airport,Butaritari,KI,S,Makin
BBI,Biju Patnaik Airport,Bhubaneswar,IN,M,
BBK,Kasane Airport,Kasane,BW,M,
BBM,Battambang Airport,Battambang,KH,M,
BBN,Bario Airport,Bario,MY,M,
BBO,Berbera Airport,Berbera,SO,M,
BBQ,Codrington Airport,Codrington,AG,M,
BBR,Basse-Terre Baillif Airport,Basse-Terre,GP,S,
BBU,Bucharest Băneasa Aurel Vlaicu International Airport,Bucharest,RO,M,BUH Băneasa Aurel Vlaicu International Bucharest City
BCA,Gustavo Rizo Airport,Baracoa,CU,M,
BCD,Bacolod-Silay Airport,Bacolod City,PH,M,
BCI,Barcaldine Airport,Barcaldine,AU,M,
BCM,Bacău George Enescu International  Airport,Bacău,RO,M,Bacau RoAF 95th Air Base
BCN,Josep Tarradellas Barcelona-El Prat Airport,Barcelona,ES,L,El Prat Airport Barcelona International Josep Tarradellas Barcelona-El Prat Airport
BCU,Sir Abubakar Tafawa Balewa International Airport,Bauchi,NG,M,Bauchi State Airport
BDA,L.F. Wade International Airport,Hamilton,BM,M,Kindley Air Force Base Fort Bell Army Airfield NAS Bermuda Naval Air Station Bermuda
BDB,Bundaberg Airport,Bundaberg,AU,M,
BDD,Badu Island Airport,Badu Island,AU,S,
BDH,Bandar Lengeh International Airport,Bandar Lengeh,IR,M,
BDJ,Syamsudin Noor International Airport,Landasan Ulin,ID,M,WRBB Banjarmasin Banjarbaru
BDL,Bradley International Airport,Hartford,US,L,HFD Hartford
BDO,Husein Sastranegara International Airport,Bandung,ID,M,WIIB
BDP,Bhadrapur Airport,Bhadrapur,NP,S,Chandragadhi Airport
BDQ,Vadodara Airport,Vadodara,IN,M,Civil Airport Harni
BDS,Brindisi Airport,Brindisi,IT,L,Brindisi Papola Casale Airport Brindisi Salento Airport Brindisi Casale Antonio Papolo Airport Salento Airport
BDT,Gbadolite Airport,Gbadolite,CD,M,Moanda
BDU,Bardufoss Airport,Målselv,NO,M,
BEB,Benbecula Airport,Balivanich,GB,M,
BED,Laurence G Hanscom Field,Bedford,US,M,Hanscom Air Force Base
BEF,Bluefields Airport,Bluefileds,NI,M,
BEG,Belgrade Nikola Tesla Airport,Belgrade,RS,L,Beograd Surčin Airport
BEJ,Kalimarau Airport,Tanjung Redeb - Borneo Island,ID,M,Berau Airport WALK WRLK
BEK,Bareilly Air Force Station,Bareilly,IN,M,Trishul Air Base
BEL,Val de Cans/Júlio Cezar Ribeiro International Airport,Belém,BR,L,
BEM,Beni Mellal Airport,Oulad Yaich,MA,S,
BEN,Benina International Airport,Benina,LY,M,Benghazi Soluch Airfield
BER,Berlin Brandenburg Airport,Berlin,DE,L,
BES,Brest Bretagne Airport,Brest/Guipavas,FR,M,
BET,Bethel Airport,Bethel,US,M,
BEU,Bedourie Airport,,AU,M,
BEW,Beira Airport,Beira,MZ,M,
BEY,Beirut Rafic Hariri International Airport,Beirut,LB,L,Chaldea Beirut Air Base مطار بيروت رفيق الحريري الدولي
BFD,Bradford Regional Airport,Bradford,US,M,
BFF,Western Neb. Rgnl/William B. Heilig Airport,Scottsbluff,US,M,William B. Heilig Field
BFI,Boeing Field King County International Airport,Seattle,US,M,
BFJ,Bijie Feixiong Airport,Bijie,CN,M,
BFL,Meadows Field,Bakersfield,US,M,
BFN,Bram Fischer International Airport,Bloemfontain,ZA,M,
BFQ,Bahia Piña Airport,Puerto Piña,PA,S,
BFS,Belfast International Airport,Belfast,GB,L,Aldergrove RAF Aldergrove
BFV,Buri Ram Airport,Buriram,TH,M,
BGA,Palonegro Airport,Bucaramanga,CO,M,
BGC,Bragança Airport,Bragança,PT,M,
BGF,Bangui M'Poko International Airport,Bangui,CF,M,
BGG,Bingöl Airport,Bingöl,TR,S,Çeltiksuyu
BGI,Grantley Adams International Airport,Bridgetown,BB,M,Seawell
BGM,Greater Binghamton/Edwin A Link field,Binghamton,US,M,Broome County Airport Edwin A Link Field
BGO,"Bergen Airport, Flesland",Bergen,NO,L,
BGR,Bangor International Airport,Bangor,US,M,
BGW,Baghdad International Airport / New Al Muthana Air Base,Baghdad,IQ,L,SDA BIAP VBC ORBS Camp Sather Saddam International Airport Al Anbar Airport
BGY,Milan Bergamo Airport / Antonio Locatelli Air Base,Orio al Serio (BG),IT,L,Bergamo Orio al Serio Airport Il Caravaggio International Airport
BHB,Hancock County-Bar Harbor Airport,Bar Harbor,US,M,
BHD,George Best Belfast City Airport,Belfast,GB,M,
BHE,Woodbourne Airport,Blenheim,NZ,M,
BHH,Bisha Airport,Bisha,SA,M,
BHI,Comandante Espora Airport,Bahia Blanca,AR,M,Bahía Blanca Airport
BHJ,Bhuj Airport,Bhuj,IN,M,Bhuj Rudra Mata Air Force Station Shyamji Krishna Verma Bhuj Airport
BHK,Bukhara International Airport,Bukhara,UZ,M,Buhara Airport
BHM,Birmingham-Shuttlesworth International Airport,Birmingham,US,M,
BHO,Raja Bhoj International Airport,Bhopal,IN,M,
BHQ,Broken Hill Airport,Broken Hill,AU,M,
BHR,Bharatpur Airport,Bharatpur,NP,S,
BHS,Bathurst Airport,Bathurst,AU,M,
BHU,Bhavnagar Airport,Bhavnagar,IN,M,
BHV,Bahawalpur Airport,Bahawalpur,PK,M,
BHX,Birmingham Airport,"Birmingham, West Midlands",GB,L,Birmingham International Airport
BHY,Beihai Fucheng Airport,Beihai (Yinhai),CN,M,
BIA,Bastia-Poretta Airport,Bastia/Poretta,FR,M,
BIC,Aérodrome de Belle Île,Bangor,FR,S,Palais-Belle-İle-en-Mer Aerodrome
BID,Block Island State Airport,Block Island,US,S,
BIH,Eastern Sierra Regional Airport,Bishop,US,M,
BII,Enyu Airfield,Bikini Atoll,MH,S,Bikini Atoll Airport
BIK,Frans Kaisiepo Airport,Biak,ID,M,
BIL,Billings Logan International Airport,Billings,US,M,
BIM,South Bimini Airport,South Bimini,BS,M,
BIO,Bilbao Airport,Bilbao,ES,M,
BIR,Biratnagar Airport,Biratnagar,NP,M,
BIS,Bismarck Municipal Airport,Bismarck,US,M,
BJA,Soummam–Abane Ramdane Airport,Béjaïa,DZ,M,Béjaïa Soummam
BJB,Bojnord Airport,Bojnord,IR,M,Bojnourd
BJC,Rocky Mountain Metropolitan Airport,Denver,US,M,Jefferson County Airport Jeffco Airport
BJF,Båtsfjord Airport,Båtsfjord,NO,M,
BJL,Banjul International Airport,Banjul,GM,L,Yundum international Airport
BJM,Bujumbura Melchior Ndadaye International Airport,Bujumbura,BI,M,
BJR,Bahir Dar Airport,Bahir Dar,ET,M,Dejazmach Belay Zeleke
BJV,Milas Bodrum International Airport,Bodrum,TR,L,
BJX,Del Bajío International Airport,Silao,MX,M,
BJZ,Badajoz Airport,Badajoz,ES,M,Talavera La Real Airport
BKC,Buckland Airport,Buckland,US,S,7K5
BKG,Branson Airport,Branson,US,M,
BKI,Kota Kinabalu International Airport,Kota Kinabalu,MY,M,Lapangan Terbang Antarabangsa Kota Kinabalu Jesselton Airfield
BKK,Suvarnabhumi Airport,Bangkok,TH,L,
BKM,Bakalalan Airport,Bakalalan,MY,S,
BKN,Balkanabat Airport,Balkanabat,TM,S,Nebit Dag Балканабат UT1H
BKO,Modibo Keita International Airport,Bamako,ML,L,Senou Airport
BKQ,Blackall Airport,Blackall,AU,M,
BKS,Fatmawati Soekarno Airport,Bengkulu,ID,M,WIPL Padang Kemiling Airport
BKW,Raleigh County Memorial Airport,Beaver,US,M,Beckley
BKZ,Bukoba Airport,Bukoba,TZ,S,
BLA,General José Antonio Anzoategui International Airport,Barcelona,VE,L,Barcelona Puero La Cruz Lecheria
BLB,Panamá Pacífico International Airport,Panamá City,PA,S,HOW Howard Air Force Base Panama Pacifico
BLD,Boulder City Municipal Airport,Boulder City,US,M,61B
BLE,Dala Airport,Borlange,SE,M,
BLI,Bellingham International Airport,Bellingham,US,M,
BLJ,Batna Mostefa Ben Boulaid Airport,Batna,DZ,M,
BLK,Blackpool International Airport,Blackpool,GB,M,
BLL,Billund Airport,Billund,DK,L,
BLQ,Bologna Guglielmo Marconi Airport,Bologna,IT,L,Guglielmo Marconi Airport Borgo Panigale Airport
BLR,Kempegowda International Airport,Bangalore,IN,L,
BLV,Scott AFB/Midamerica Airport,Belleville,US,M,Scott Air Force Base
BLW,Beledweyne Airport,Beledweyne,SO,S,Belet Uen Beletweyn Duqow Ahmed Fiidow Beletwene
BLZ,Chileka International Airport,Blantyre,MW,M,
BMA,Stockholm-Bromma Airport,Stockholm,SE,M,
BME,Broome International Airport,Broome,AU,M,
BMI,Central Illinois Regional Airport at Bloomington-Normal,Bloomington/Normal,US,M,
BMO,Banmaw Airport,Banmaw,MM,S,Banmaws Bhamo
BMR,Baltrum Airport,Baltrum,DE,S,
BMU,Sultan Muhammad Salahuddin Airport,Bima,ID,S,WRRB PBW Palibelo Airport Bima Raba Airfield
BMV,Buon Ma Thuot Airport,Buon Ma Thuot,VN,M,
BMW,Bordj Badji Mokhtar Airport,Bordj Badji Mokhtar,DZ,S,
BMY,Île Art - Waala Airport,Waala,NC,S,Belep Islands Airport
BNA,Nashville International Airport,Nashville,US,L,
BNB,Boende Airport,Boende,CD,S,
BND,Bandar Abbas International Airport,Bandar Abbas,IR,M,
BNE,Brisbane International Airport,Brisbane,AU,L,
BNI,Benin Airport,Benin,NG,M,
BNK,Ballina Byron Gateway Airport,Ballina,AU,M,
BNN,"Brønnøysund Airport, Brønnøy",Brønnøy,NO,M,Bronnoy
BNS,Barinas Airport,Barinas,VE,M,
BNX,Banja Luka International Airport,Mahovljani,BA,M,Mahovljani Airport
BNY,Bellona/Anua Airport,Anua,SB,S,
BOA,Boma Airport,Boma,CD,S,
BOB,Bora Bora Airport,Motu Mute,PF,M,
BOC,Bocas del Toro International Airport,Isla Colón,PA,M,Jose Ezequiel Hall
BOD,Bordeaux-Mérignac Airport,Bordeaux/Mérignac,FR,L,
BOG,El Dorado International Airport,Bogota,CO,L,Cundinamarca
BOH,Bournemouth Airport,"Christchurch, Dorset",GB,M,RAF Hurn
BOI,Boise Air Terminal/Gowen Field,Boise,US,M,Boise Air Terminal Gowen Field
BOJ,Burgas Airport,Burgas,BG,L,Bourgas
BOM,Chhatrapati Shivaji International Airport,Mumbai,IN,L,Bombay Sahar International Airport
BON,Flamingo International Airport,"Kralendijk, Bonaire",BQ,L,Bonaire
BOO,Bodø Airport,Bodø,NO,M,Bodø Air Force Base Bodø Main Air Station
BOR,Bokeo International Airport,Ton Phueng,LA,M,
BOS,Logan International Airport,Boston,US,L,General Edward Lawrence Logan International Airport
BOT,Bosset Airport,Bosset,PG,S,Boset
BOY,Bobo Dioulasso Airport,Bobo Dioulasso,BF,M,
BPE,Qinhuangdao Beidaihe Airport,Qinhuangdao (Changli),CN,M,
BPL,Bole Alashankou Airport,Bole,CN,M,
BPN,Sultan Aji Muhammad Sulaiman Sepinggan International Airport,Balikpapan,ID,L,WRLL Balikpapan Airport Sepinggan Airport Sepinggang Airfield
BPS,Porto Seguro Airport,Porto Seguro,BR,L,
BPT,Jack Brooks Regional Airport,Beaumont/Port Arthur,US,M,Southeast Texas Regional
BPX,Qamdo Bangda Airport,Bangda,CN,M,
BPY,Besalampy Airport,Besalampy,MG,M,
BQB,Busselton Margaret River Regional Airport,Busselton,AU,S,
BQG,Bogorodskoye Airport,Bogorodskoye,RU,S,Bogorodskoe Airport Аэропорт Богородское УХНБ
BQJ,Batagay Airport,Batagay,RU,S,УЕББ Батагай
BQK,Brunswick Golden Isles Airport,Brunswick,US,M,Glynco Jetport
BQL,Boulia Airport,,AU,M,
BQN,Rafael Hernández International Airport,Aguadilla,PR,M,Ramey TJFF
BQS,Ignatyevo Airport,Blagoveschensk,RU,M,Blagoveschensk Airport Blagoveshchensk Airport Аэропорт Игнатьево Аэропорт Благовещенск
BQT,Brest Airport,Brest,BY,M,Аэропорт Брест
BQU,J F Mitchell Airport,Bequia,VC,M,
BRA,Dom Ricardo Weberberger Airport,Barreiras,BR,S,
BRB,Barreirinhas National Airport,Barreirinhas,BR,S,SBRR
BRC,San Carlos De Bariloche Airport,San Carlos de Bariloche,AR,M,
BRD,Brainerd Lakes Regional Airport,Brainerd,US,M,Crow Wing County Airport
BRE,Bremen Airport,Bremen,DE,M,
BRI,Bari Karol Wojtyła International Airport,Bari,IT,L,"Bari ""Karol Wojtyla"" International Airport Palese Macchie Airport Palese Airport"
BRK,Bourke Airport,,AU,M,
BRL,Southeast Iowa Regional Airport,Burlington,US,M,
BRM,Barquisimeto International Airport,Barquisimeto,VE,M,
BRN,Bern Airport,Bern,CH,M,LSZB Belp Bern-Belp Bern-Belp Regional Airfield Regionalflugplatz Bern-Belp
BRO,Brownsville South Padre Island International Airport,Brownsville,US,M,
BRQ,Brno-Tuřany Airport,Brno,CZ,M,
BRR,Barra Airport,Eoligarry,GB,M,Barra Eoligarry Airport Barra Island
BRS,Bristol Airport,Bristol,GB,M,Lulsgate Bottom
BRU,Brussels Airport,Zaventem,BE,L,Brussels National Zaventem EBMB
BRW,Wiley Post Will Rogers Memorial Airport,Utqiaġvik,US,M,Barrow
BRX,Maria Montez International Airport,Barahona,DO,M,
BSA,Bosaso / Bender Qassim International Airport,Bosaso,SO,S,
BSB,Presidente Juscelino Kubitschek International Airport,Brasília,BR,L,
BSC,José Celestino Mutis Airport,Bahía Solano,CO,M,
BSD,Baoshan Yunrui Airport,Baoshan (Longyang),CN,M,Baoshan Yunduan Airport
BSG,Bata Airport,Bata,GQ,M,
BSK,Biskra - Mohamed Khider Airport,Biskra,DZ,M,
BSL,EuroAirport Basel-Mulhouse-Freiburg,Saint-Louis,FR,L,MLH EAP LSZM Bâle Basle
BSO,Basco Airport,Basco,PH,M,Irport nu Basco Paliparang Basco Pagtayaban ti Basco
BSR,Basra International Airport,Basra,IQ,M,Basrah
BSU,Basankusu Airport,Basankusu,CD,S,
BSX,Pathein Airport,Pathein,MM,S,Bassein
BTC,Batticaloa Airport,Batticaloa,LK,M,
BTH,Hang Nadim International Airport,Batam,ID,M,WIKB
BTI,Barter Island Long Range Radar Station Airport,Barter Island,US,M,
BTJ,Sultan Iskandar Muda International Airport,Banda Aceh,ID,M,WIAB
BTK,Bratsk Airport,Bratsk,RU,M,Аэропорт Братск
BTM,Bert Mooney Airport,Butte,US,M,
BTR,Baton Rouge Metropolitan Airport,Baton Rouge,US,M,
BTS,M. R. Štefánik Airport,Bratislava,SK,L,
BTT,Bettles Airport,Bettles,US,S,
BTU,Bintulu Airport,Bintulu,MY,M,
BTV,Burlington International Airport,South Burlington,US,M,
BUA,Buka Airport,Buka Island,PG,M,
BUC,Burketown Airport,,AU,S,
BUD,Budapest Liszt Ferenc International Airport,Budapest,HU,L,Ferihegyi nemzetközi repülőtér Budapest Liszt Ferenc international Airport
BUF,Buffalo Niagara International Airport,Buffalo,US,L,
BUI,Bokondini Airport,Bokondini,ID,S,
BUN,Gerardo Tobar López Airport,Buenaventura,CO,M,
BUQ,Joshua Mqabuko Nkomo International Airport,Bulawayo,ZW,M,
BUR,Hollywood Burbank Airport,Burbank,US,M,Bob Hope
BUS,Batumi International Airport,Batumi,GE,M,Batumi batumi Black Sea
BUT,Bathpalathang Airport,Jakar,BT,S,Bumthang Domestic
BUU,Muara Bungo Airport,Muara Bungo,ID,S,Pasir Mayang
BUX,Bunia Airport,Bunia,CD,M,
BUZ,Bushehr Airport,Bushehr,IR,M,
BVA,Paris-Beauvais Airport,Tillé,FR,M,Beauvais-Tillé
BVB,Atlas Brasil Cantanhede Airport,Boa Vista,BR,M,Boa Vista International Airport
BVC,Rabil Airport,Rabil,CV,M,Boa Vista Island
BVE,Brive-Souillac,Brive la Gaillarde,FR,M,LFSL
BVG,Berlevåg Airport,Berlevåg,NO,M,
BVH,Brigadeiro Camarão Airport,Vilhena,BR,M,Vilhena Airport
BVI,Birdsville Airport,,AU,M,
BVJ,Bovanenkovo Airport,Bovanenkovo,RU,M,HELIOPS GAZPROM LNG
BVS,Breves Airport,Breves,BR,S,
BWA,Gautam Buddha International Airport,Siddharthanagar (Bhairahawa),NP,M,Bhairahawa Airport
BWI,Baltimore/Washington International Thurgood Marshall Airport,Baltimore,US,L,WAS United States Marshall
BWK,Brač Airport,Gornji Humac,HR,M,Bol Airport
BWN,Brunei International Airport,Bandar Seri Begawan,BN,L,
BWO,Balakovo Airport,Balakovo,RU,M,Malaya Bykovka Airport Аэропорт Балаково Аэропорт Малая Быковка
BWT,Wynyard Airport,Burnie,AU,M,
BWX,Banyuwangi International Airport,Banyuwangi,ID,S,Blimbingsari Sukojati WARB
BXG,Bendigo Airport,,AU,S,
BXH,Balkhash Airport,Balkhash,KZ,M,Balqash
BXR,Bam Airport,Bam,IR,M,
BXT,Bontang Airport,Bontang-Borneo Island,ID,S,WRLC
BXU,Bancasi Airport,Butuan,PH,M,
BYK,Bouaké Airport,Bouaké,CI,M,
BYM,Carlos Manuel de Cespedes Airport,Bayamo,CU,M,
BYN,Bayankhongor Airport,Bayankhongor,MN,M,
BYO,Bonito Airport,Bonito,BR,S,SJDB
BYR,Læsø Airport,Læsø,DK,S,Laeso Laesoe
BYW,Blakely Island Airport,Blakely Island,US,S,
BZE,Philip S. W. Goldson International Airport,Belize City,BZ,L,Belize International Ladyville
BZG,Bydgoszcz Ignacy Jan Paderewski Airport,Białe Błota,PL,M,Szwederowo Bromberg
BZI,Balıkesir Airport,Balıkesir,TR,M,Balıkesir Air Base Balıkesir Central Balıkesir Merkez
BZK,Bryansk Airport,Bryansk,RU,M,Аэропорт Брянск УУБП
BZL,Barisal Airport,Barisal,BD,M,
BZN,Bozeman Yellowstone International Airport,Bozeman,US,M,Gallatin Field
BZO,Bolzano Airport,Bolzano (BZ),IT,M,G Sabelli
BZR,Béziers-Vias Airport,Béziers/Vias,FR,M,
BZV,Maya-Maya Airport,Brazzaville,CG,M,
BZX,Bazhong Enyang Airport,Bazhong (Enyang),CN,S,
CAB,Cabinda Airport,Cabinda,AO,M,
CAC,Coronel Adalberto Mendes da Silva Airport,Cascavel,BR,M,
CAE,Columbia Metropolitan Airport,Columbia,US,M,
CAF,Carauari Airport,Carauari,BR,S,
CAG,Cagliari Elmas Airport,Cagliari,IT,L,Cagliari Airport Elmas
CAH,Cà Mau Airport,Ca Mau City,VN,M,Moranc Airfield Quan Long Airport
CAI,Cairo International Airport,Cairo,EG,L,
CAJ,Canaima Airport,Canaima,VE,M,
CAK,Akron Canton Regional Airport,Akron,US,M,
CAL,Campbeltown Airport,Campbeltown,GB,M,Kintyre RAF Machrihanish Kinlochkilkerran
CAN,Guangzhou Baiyun International Airport,Guangzhou (Huadu),CN,L,
CAP,Cap Haitien International Airport,Cap Haitien,HT,M,
CAT,Cascais Airport,Cascais,PT,M,Tires
CAU,Caruaru Airport,Caruaru,BR,S,Oscar Laranjeiras
CAW,Bartolomeu Lisandro Airport,Campos Dos Goytacazes,BR,M,
CAY,Cayenne – Félix Eboué Airport,Matoury,GF,L,Cayenne-Rochambeau Matoury
CAZ,Cobar Airport,,AU,M,
CBB,Jorge Wilsterman International Airport,Cochabamba,BO,M,
CBH,Béchar Boudghene Ben Ali Lotfi Airport,Béchar,DZ,M,Béchar Ouakda Airport
CBO,Cotabato (Awang) Airport,Datu Odin Sinsuat,PH,M,Awang Kutawatu
CBQ,Margaret Ekpo International Airport,Calabar,NG,M,
CBR,Canberra International Airport,Canberra,AU,M,RAAF Base Fairbairn
CBT,Catumbela Airport,Catumbela,AO,M,
CCC,Jardines Del Rey Airport,Cayo Coco,CU,M,Cayo Coco
CCF,Carcassonne Airport,Carcassonne/Salvaza,FR,M,
CCJ,Calicut International Airport,Calicut,IN,M,
CCK,Cocos (Keeling) Islands Airport,West Island,CC,M,
CCM,Forquilhinha - Criciúma  Airport,Criciúma,BR,M,SBCM Diomício Freitas Santa Líbera.
CCP,Carriel Sur Airport,Concepcion,CL,M,
CCR,Buchanan Field,Concord,US,M,
CCS,Simón Bolívar International Airport,Caracas,VE,L,"Maiquetía ""Simón Bolívar"" International Airport"
CCU,Netaji Subhash Chandra Bose International Airport,Kolkata,IN,L,Calcutta Kolkatta Dum Dum Air Force Station
CCV,Craig Cove Airport,Craig Cove,VU,S,
CCZ,Chub Cay Airport,,BS,M,
CDB,Cold Bay Airport,Cold Bay,US,M,
CDC,Cedar City Regional Airport,Cedar City,US,M,
CDE,Chengde Puning Airport,Chengde,CN,M,
CDG,Charles de Gaulle International Airport,"Paris (Roissy-en-France, Val-d'Oise)",FR,L,PAR Aéroport Roissy-Charles de Gaulle Roissy Airport
CDP,Kadapa Airport,Kadapa,IN,M,Cuddapah
CDR,Chadron Municipal Airport,Chadron,US,M,
CDT,Castellón-Costa Azahar Airport,Castellón de la Plana,ES,M,
CDV,Merle K (Mudhole) Smith Airport,Cordova,US,M,Cordova Mile 13
CEB,Mactan Cebu International Airport,Lapu-Lapu City,PH,L,Mactan Air Base Opon Airfield
CEC,Jack Mc Namara Field Airport,Crescent City,US,M,Jack McNamara Field
CED,Ceduna Airport,,AU,M,
CEE,Cherepovets Airport,Cherepovets,RU,M,УЛВЦ Череповец
CEI,Mae Fah Luang - Chiang Rai International Airport,Chiang Rai,TH,M,
CEK,Chelyabinsk Balandino Airport,Chelyabinsk,RU,M,
CEL,Canela Airport,Canela,BR,S,
CEM,Central Airport,Central,US,S,
CEN,Ciudad Obregón International Airport,Ciudad Obregón,MX,M,
CEZ,Cortez Municipal Airport,Cortez,US,M,
CFB,Cabo Frio Airport,Cabo Frio,BR,S,
CFE,Clermont-Ferrand Auvergne Airport,"Aulnat, Puy-de-Dôme",FR,M,
CFG,Jaime Gonzalez Airport,Cienfuegos,CU,M,Las Villas Airport
CFK,Chlef Aboubakr Belkaid International Airport,Chlef,DZ,M,Ech Cheliff Airport
CFN,Donegal Airport,Donegal,IE,M,Gweedore
CFR,Caen-Carpiquet Airport,"Carpiquet, Calvados",FR,M,
CFS,Coffs Harbour Airport,Coffs Harbour,AU,M,RAAF Base Coffs Harbour
CFU,Corfu Ioannis Kapodistrias International Airport,Kerkyra (Corfu),GR,M,Corfu
CGB,Marechal Rondon Airport,Cuiabá,BR,M,
CGD,Changde Taohuayuan Airport,Changde (Dingcheng),CN,M,
CGH,Congonhas Airport,São Paulo,BR,M,http://www.infraero.gov.br/usa/aero_prev_home.php?ai=219
CGI,Cape Girardeau Regional Airport,Cape Girardeau,US,M,
CGK,Soekarno-Hatta International Airport,Jakarta,ID,L,JKT Cengkareng Java
CGM,Camiguin Airport,Mambajao,PH,M,
CGN,Cologne Bonn Airport,Köln (Cologne),DE,L,Köln
CGO,Zhengzhou Xinzheng International Airport,Zhengzhou,CN,L,Xinzheng Airport
CGP,Shah Amanat International Airport,Chattogram (Chittagong),BD,M,M.A. Hannan International Airport
CGQ,Changchun Longjia International Airport,Changchun,CN,L,
CGR,Campo Grande Airport,Campo Grande,BR,M,
CGY,Laguindingan International Airport,Laguindingan,PH,M,CGY IGN RPML Cagayan de Oro
CHA,Chattanooga Metropolitan Airport (Lovell Field),Chattanooga,US,M,
CHC,Christchurch International Airport,Christchurch,NZ,L,
CHG,Chaoyang Airport,"Shuangta, Chaoyang",CN,M,
CHH,Chachapoyas Airport,Chachapoyas,PE,M,
CHM,FAP Lieutenant Jaime Andres de Montreuil Morales Airport,Chimbote,PE,M,
CHO,Charlottesville Albemarle Airport,Charlottesville,US,M,
CHQ,Chania International Airport,Souda,GR,M,
CHS,Charleston International Airport,Charleston,US,M,Charleston Air Force Base
CHT,Chatham Islands / Tuuta Airport,Te One,NZ,M,Karewa
CHU,Chuathbaluk Airport,Chuathbaluk,US,S,
CHX,Changuinola Captain Manuel Niño International Airport,Changuinola,PA,M,
CHY,Choiseul Bay Airport,,SB,S,
CIA,Ciampino–G. B. Pastine International Airport,Rome,IT,M,ROM Giovan Battista Pastine Airport
CID,The Eastern Iowa Airport,Cedar Rapids,US,M,Cedar Rapids Municipal
CIF,Chifeng Yulong Airport,Chifeng,CN,M,
CIH,Changzhi Wangcun Airport,Changzhi,CN,S,
CIJ,Capitán Aníbal Arab Airport,Cobija,BO,M,
CIK,Chalkyitsik Airport,Chalkyitsik,US,S,
CIT,Shymkent Airport,Shymkent,KZ,M,Chimkent Airport Аэропорт Шымкент Аэропорт Чимкент
CIU,Chippewa County International Airport,Kincheloe,US,M,Sault Sainte Marie Sault Ste Marie
CIW,Canouan Airport,Canouan,VC,M,
CIX,Air Force Captain Jose A Quinones Gonzales International Airport,Chiclayo,PE,M,
CIY,Comiso Airport,Comiso,IT,M,Vincenzo Magliocco Airport Aeroporto di Comiso
CJA,Mayor General FAP Armando Revoredo Iglesias Airport,Cajamarca,PE,M,
CJB,Coimbatore International Airport,Coimbatore,IN,M,
CJC,El Loa Airport,Calama,CL,M,
CJJ,Cheongju International Airport/Cheongju Air Base (K-59/G-513),Cheongju,KR,M,
CJL,Chitral Airport,Chitral,PK,M,
CJM,Chumphon Airport,Chumphon,TH,M,
CJN,Nusawiru Airport,Cijulang,ID,S,
CJS,Abraham González International Airport,Ciudad Juárez,MX,M,
CJU,Jeju International Airport,Jeju City,KR,L,
CJZ,Pedro Vieira Moreira Airport,Cajazeiras,BR,S,
CKB,North Central West Virginia Airport,Bridgeport,US,M,
CKD,Crooked Creek Airport,Crooked Creek,US,S,
CKG,Chongqing Jiangbei International Airport,Chongqing,CN,L,
CKH,Chokurdakh Airport,Chokurdah,RU,M,Chokurdah Airport Cokurdah Airport Аэропорт Чокурдах
CKS,Carajás Airport,Parauapebas,BR,M,
CKW,Christmas Creek Airport,Christmas Creek Mine,AU,S,Graeme Rowley Aerodrome
CKX,Chicken Airport,Chicken,US,S,
CKY,Conakry International Airport,Conakry,GN,M,Gbessia International Airport
CKZ,Çanakkale Airport,Çanakkale,TR,M,
CLD,McClellan-Palomar Airport,Carlsbad,US,M,
CLE,Cleveland Hopkins International Airport,Cleveland,US,L,
CLJ,Cluj Avram Iancu International Airport,Cluj-Napoca,RO,M,Someşeni Airport
CLL,Easterwood Field,College Station,US,M,
CLO,Alfonso Bonilla Aragon International Airport,Cali,CO,M,Palmaseca International 02-20
CLP,Clarks Point Airport,Clarks Point,US,S,
CLQ,Licenciado Miguel de la Madrid International Airport,Colima,MX,M,Aeropuerto Internacional Licenciado Miguel de la Madrid Colima Airport
CLT,Charlotte Douglas International Airport,Charlotte,US,L,
CLV,Nelson Ribeiro Guimarães Airport,Caldas Novas,BR,S,SWKN Caldas Novas Airport
CLY,Calvi-Sainte-Catherine Airport,Calvi/Sainte-Catherine,FR,M,
CMA,Cunnamulla Airport,,AU,M,
CMB,Bandaranaike International Colombo Airport,Colombo,LK,L,RAF Negombo Katunayake International Airport
CME,Ciudad del Carmen International Airport,Ciudad del Carmen,MX,M,
CMF,Chambéry Savoie Mont Blanc Airport,Viviers-du-Lac,FR,M,
CMG,Corumbá International Airport,Corumbá,BR,M,
CMH,John Glenn Columbus International Airport,Columbus,US,L,
CMI,University of Illinois Willard Airport,Savoy,US,M,Champaign Urbana
CMN,Mohammed V International Airport,Casablanca,MA,L,CAS Casabianca Nouasseur
CMU,Chimbu Airport,Kundiawa,PG,M,
CMW,Ignacio Agramonte International Airport,Camaguey,CU,M,
CMX,Houghton County Memorial Airport,Hancock,US,M,
CNB,Coonamble Airport,,AU,M,
CNC,Coconut Island Airport,,AU,S,
CND,Mihail Kogălniceanu International Airport,Mihail Kogălniceanu,RO,M,Constanța Mihail Kogalniceanu RoAF 57th Air Base
CNF,Tancredo Neves International Airport,Belo Horizonte,BR,L,http://www.infraero.gov.br/usa/aero_prev_home.php?ai=207
CNI,Changhai Airport,Dalian (Changhai),CN,M,
CNJ,Cloncurry Airport,Cloncurry,AU,M,
CNM,Cavern City Air Terminal,Carlsbad,US,M,
CNN,Kannur International Airport,Kannur,IN,M,
CNP,Neerlerit Inaat Airport,Neerlerit Inaat,GL,S,Constable Point Mittarfik Nerlerit Inaat Constable Pynt Lufthavn
CNQ,Corrientes Airport,Corrientes,AR,M,
CNS,Cairns International Airport,Cairns,AU,M,
CNX,Chiang Mai International Airport,Chiang Mai,TH,L,
CNY,Canyonlands Regional Airport,Moab,US,M,
COD,Yellowstone Regional Airport,Cody,US,M,
COK,Cochin International Airport,Kochi,IN,L,Cochin
COO,Cadjehoun Airport,Cotonou,BJ,M,
COR,Ingeniero Ambrosio Taravella Airport,Cordoba,AR,M,
COS,City of Colorado Springs Municipal Airport,Colorado Springs,US,M,
COU,Columbia Regional Airport,Columbia,US,M,
CPC,Aviador C. Campos Airport,Chapelco/San Martin de los Andes,AR,M,
CPD,Coober Pedy Airport,Coober Pedy,AU,M,
CPE,Ingeniero Alberto Acuña Ongay International Airport,Campeche,MX,M,
CPH,Copenhagen Kastrup Airport,Copenhagen,DK,L,København Malmö
CPO,Desierto de Atacama Airport,Copiapo,CL,M,
CPR,Casper-Natrona County International Airport,Casper,US,M,
CPT,Cape Town International Airport,Cape Town,ZA,L,Kaapstad Internasionale Lughawe CTIA DF Malan Airport
CPV,Presidente João Suassuna Airport,Campina Grande,BR,M,
CPX,Benjamin Rivera Noriega Airport,Culebra,PR,M,Culebra Airport
CQW,Chongqing Xiannüshan Airport,Wulong,CN,M,
CRA,Craiova International Airport,Craiova,RO,M,
CRD,General E. Mosconi Airport,Comodoro Rivadavia,AR,M,
CRI,Colonel Hill Airport,Colonel Hill,BS,M,Crooked Island Airport
CRK,Clark International Airport / Clark Air Base,Mabalacat,PH,M,Diosdado Macapagal International Airport Paliparang Pandaigdig ng Diosdado Macapagal Pangyatung Sulapawan ning Clark Pal
CRL,Brussels South Charleroi Airport,Charleroi,BE,M,Gosselies Airport
CRM,Catarman National Airport,Catarman,PH,M,
CRP,Corpus Christi International Airport,Corpus Christi,US,M,
CRU,Lauriston Airport,Carriacou Island,GD,S,
CRV,Crotone Sant'Anna Pythagoras Airport,Isola di Capo Rizzuto (KR),IT,M,Sant'Anna Airport
CRW,Yeager Airport,Charleston,US,M,
CRZ,Türkmenabat International Airport,Türkmenabat,TM,M,Turkmenabad Airport Chardzhou Airport Аэропорт Туркменабат Аэропорт Туркменабад Аэропорт Чарджоу چهارجوی
CSG,Columbus Metropolitan Airport,Columbus,US,M,
CSH,Solovki Airport,Solovetsky Islands,RU,S,Аэропорт Соловки УЛАС
CSK,Cap Skirring Airport,Cap Skirring,SN,M,
CSX,Changsha Huanghua International Airport,Changsha (Changsha),CN,L,长沙黄花国际机场
CSY,Cheboksary Airport,Cheboksary,RU,M,
CTA,Catania-Fontanarossa Airport,Catania,IT,L,Lanza Di Trabie Catania-Fontanarossa Vincenzo Bellini
CTC,Coronel Felipe Varela International Airport,Catamarca,AR,M,
CTD,Alonso Valderrama Airport,Chitré,PA,M,
CTG,Rafael Nuñez International Airport,Cartagena,CO,M,
CTL,Charleville Airport,Charleville,AU,M,
CTM,Chetumal International Airport,Chetumal,MX,M,Aeropuerto Internacional de Chetumal
CTN,Cooktown Airport,,AU,M,
CTS,New Chitose Airport,Sapporo,JP,L,
CTU,Chengdu Shuangliu International Airport,Chengdu (Shuangliu),CN,L,成都双流国际机场
CUA,Ciudad Constitución National Airport,Comondú,MX,S,MM71 Cap. Jaime Emilio Real Cossio
CUC,Camilo Daza International Airport,Cúcuta,CO,M,
CUE,Mariscal Lamar Airport,Cuenca,EC,M,
CUF,Cuneo International Airport,Levaldigi (CN),IT,M,Cuneo Levaldigi Airport Turin Cuneo Airport
CUK,Caye Caulker Airport,Caye Caulker,BZ,M,
CUL,Bachigualato Federal International Airport,Culiacán,MX,M,Federal de Bachigualato International Airport Culiacán International Airport
CUM,Cumaná (Antonio José de Sucre) Airport,,VE,M,
CUN,Cancún International Airport,Cancún,MX,L,
CUP,General Francisco Bermúdez Airport,Carúpano,VE,M,
CUQ,Coen Airport,Coen,AU,M,
CUR,Hato International Airport,Willemstad,CW,L,Curaçao
CUU,General Roberto Fierro Villalobos International Airport,Chihuahua,MX,M,
CUZ,Alejandro Velasco Astete International Airport,Cusco,PE,L,
CVG,Cincinnati Northern Kentucky International Airport,Cincinnati / Covington,US,L,
CVM,General Pedro Jose Mendez International Airport,Ciudad Victoria,MX,M,
CVN,Clovis Municipal Airport,Clovis,US,M,
CVQ,Carnarvon Airport,Carnarvon,AU,M,
CVU,Corvo Airport,Corvo,PT,S,
CWA,Central Wisconsin Airport,Mosinee,US,M,
CWB,Afonso Pena Airport,Curitiba,BR,M,
CWC,Chernivtsi International Airport,Chernivtsi,UA,M,
CWJ,Cangyuan Washan Airport,Lincang (Cangyuan),CN,M,
CWL,Cardiff International Airport,"Rhoose, Vale of Glamorgan",GB,M,Caerdydd Cardiff International Airport Maes Awyr Caerdydd Rhoose Y Rhws
CWS,Center Island Airport,Center Island,US,S,
CXB,Cox's Bazar Airport,Cox's Bazar,BD,M,
CXI,Cassidy International Airport,Kiritimati,KI,M,Christmas Island Banana
CXJ,Hugo Cantergiani Regional Airport,Caxias Do Sul,BR,M,Campo dos Bugres Airport Caxias do Sul Airport
CXP,Tunggul Wulung Airport,Cilacap,ID,M,WIIL WIHL
CXR,Cam Ranh International Airport / Cam Ranh Air Base,Cam Ranh,VN,M,
CYA,Les Cayes Airport,Les Cayes,HT,M,
CYB,Charles Kirkconnell International Airport,West End,KY,M,
CYC,Caye Chapel Airport,Caye Chapel,BZ,M,
CYF,Chefornak Airport,Chefornak,US,S,Z74
CYI,Chiayi Airport,Shuishang,TW,M,Shueishang Airport 嘉義航空站 水上機場
CYO,Vilo Acuña International Airport,Cayo Largo del Sur,CU,M,
CYP,Calbayog Airport,Calbayog City,PH,M,
CYS,Cheyenne Regional Jerry Olson Field,Cheyenne,US,M,
CYT,Yakataga Airport,Yakataga,US,S,Cape Yakataga
CYU,Cuyo Airport,Cuyo,PH,S,
CYX,Cherskiy Airport,Cherskiy,RU,M,Chersky Airport Аэропорт Черский
CYZ,Cauayan Airport,Cauayan City,PH,M,
CZE,José Leonardo Chirinos Airport,Coro,VE,M,
CZH,Corozal Airport,Corozal,BZ,M,Ranchito Airport
CZL,Mohamed Boudiaf International Airport,Constantine,DZ,M,
CZM,Cozumel International Airport,Cozumel,MX,L,
CZS,Cruzeiro do Sul Airport,Cruzeiro Do Sul,BR,M,
CZU,Las Brujas Airport,Corozal,CO,M,
CZX,Changzhou Benniu International Airport,Changzhou,CN,M,
DAB,Daytona Beach International Airport,Daytona Beach,US,M,
DAC,Hazrat Shahjalal International Airport,Dhaka,BD,L,VGZR Zia International Airport Dacca International Airport Hazrat Shahjalal International Airport
DAD,Da Nang International Airport,Da Nang,VN,M,Danang Cảng Hàng không Quốc tế Đà Nẵng
DAL,Dallas Love Field,Dallas,US,M,QDF
DAM,Damascus International Airport,Damascus,SY,L,مطار دمشق الدولي
DAR,Julius Nyerere International Airport,Dar es Salaam,TZ,L,HTJN Mwalimu Julius K. Nyerere Dar es Salaam International Airport
DAT,Datong Yungang Airport,Datong,CN,S,
DAU,Daru Airport,Daru,PG,M,
DAV,Enrique Malek International Airport,David,PA,M,
DAX,Dachuan Airport,Dazhou (Daxian),CN,S,Daxian
DAY,James M Cox Dayton International Airport,Dayton,US,M,
DBA,Dalbandin Airport,Dalbandin,PK,S,OPXX
DBB,El Alamein International Airport,El Alamein,EG,M,Al Alamain Al Alamayn العلمين‎
DBC,Baicheng Chang'an Airport,Baicheng,CN,M,
DBO,Dubbo City Regional Airport,Dubbo,AU,M,
DBQ,Dubuque Regional Airport,Dubuque,US,M,
DBR,Darbhanga Airport,Darbhanga,IN,M,
DBV,Dubrovnik Ruđer Bošković Airport,Čilipi,HR,M,
DCA,Ronald Reagan Washington National Airport,Washington,US,L,WAS
DCF,Canefield Airport,Canefield,DM,M,
DCM,Castres-Mazamet Airport,Castres/Mazamet,FR,M,
DCY,Daocheng Yading Airport,Garzê (Daocheng),CN,M,
DDC,Dodge City Regional Airport,Dodge City,US,M,
DDG,Dandong Langtou Airport,Dandong (Zhenxing),CN,M,
DDR,Rikaze Dingri Airport,Xigazê (Dingri),CN,M,Shigatse Tingri
DEA,Dera Ghazi Khan Airport,Dera Ghazi Khan,PK,M,
DEB,Debrecen International Airport,Debrecen,HU,M,Debreceni nemzetközi repülőtér
DEC,Decatur Airport,Decatur,US,M,
DED,Dehradun Jolly Grant Airport,Dehradun (Jauligrant),IN,M,Jauligrant Jolly Grant
DEF,Dezful Airport,Dezful,IR,M,Vahdati Air Base
DEL,Indira Gandhi International Airport,New Delhi,IN,L,Palam Air Force Station
DEM,Dembidollo Airport,Dembidollo,ET,S,
DEN,Denver International Airport,Denver,US,L,DVX KVDX
DEX,Nop Goliat Dekai Airport,Dekai,ID,S,Nop Goliath
DFW,Dallas Fort Worth International Airport,Dallas-Fort Worth,US,L,QDF
DGA,Dangriga Airport,Dangriga,BZ,M,Stann Creek Airport
DGH,Deoghar Airport,Deoghar,IN,S,
DGO,General Guadalupe Victoria International Airport,Durango,MX,L,Aeropuerto Internacional General Guadalupe Victoria
DGT,Sibulan Airport,Dumaguete City,PH,M,
DHM,Kangra Airport,Kangra,IN,M,Dharamshala Gaggal
DHN,Dothan Regional Airport,Dothan,US,M,
DIB,Dibrugarh Airport,Dibrugarh,IN,M,Mohanbari Air Force Station
DIE,Arrachart Airport,Antisiranana,MG,M,Diego-Suárez
DIG,Diqing Shangri-La Airport,Diqing (Shangri-La),CN,M,
DIJ,Dijon-Bourgogne Airport,"Ouges, Côte-d'Or",FR,M,BA 102
DIK,Dickinson Theodore Roosevelt Regional Airport,Dickinson,US,M,
DIL,Presidente Nicolau Lobato International Airport,Dili,TL,M,Komoro Comoro
DIN,Dien Bien Phu Airport,Dien Bien Phu,VN,M,
DIR,Aba Tenna Dejazmach Yilma International Airport,Dire Dawa,ET,M,
DIS,Ngot Nzoungou Airport,Dolisie,CG,M,Dolisie
DIU,Diu Airport,Diu,IN,S,VA1P
DIY,Diyarbakır Airport,Diyarbakır,TR,M,
DJB,Sultan Thaha Airport,Jambi,ID,S,WIPA Palmerah
DJE,Djerba Zarzis International Airport,Mellita,TN,M,
DJG,Djanet Inedbirene Airport,Djanet,DZ,M,Tiska Djanet Airport
DJJ,Dortheys Hiyo Eluay International Airport,Sentani,ID,L,Bandar Udara Internasional Dortheys Hiyo Eluay Sentani International Airport Hollandia Jayapura
DLA,Douala International Airport,Douala,CM,M,
DLC,Dalian Zhoushuizi International Airport,Dalian (Ganjingzi),CN,L,Dalian Air Base
DLE,Dole-Jura Airport,"Tavaux, Jura",FR,M,Dole-Tavaux
DLG,Dillingham Airport,Dillingham,US,M,
DLH,Duluth International Airport,Duluth,US,M,LKI Duluth Air National Guard Base Lakeside AFB
DLI,Lien Khuong Airport,Da Lat,VN,M,Lienkhang
DLM,Dalaman International Airport,Dalaman,TR,L,
DLR,Dalnerechensk Airport,Dalnerechensk,RU,S,
DLU,Dali Fengyi Airport,Dali (Xiaguan),CN,M,Dali Air Base
DLZ,Dalanzadgad Airport,Dalanzadgad,MN,M,
DMB,Taraz Airport,Taraz,KZ,M,Aulie Ata
DMD,Doomadgee Airport,,AU,S,
DME,Domodedovo International Airport,Moscow,RU,L,MOW Аэропорт Домоде́дово
DMK,Don Mueang International Airport,Bangkok,TH,L,Old Bangkok International Airport Don Muang Royal Thai Air Force Base
DMM,King Fahd International Airport,Ad Dammam,SA,L,
DMU,Dimapur Airport,Dimapur,IN,M,
DND,Dundee Airport,Dundee,GB,M,
DNH,Dunhuang Mogao International Airport,Dunhuang,CN,M,
DNK,Dnipro International Airport,Dnipro,UA,M,Dnipropetrovsk Міжнародний аеропорт «Дніпро»
DNR,Dinard-Pleurtuit-Saint-Malo Airport,"Pleurtuit, Ille-et-Vilaine",FR,M,
DNZ,Çardak Airport,Denizli,TR,M,
DOD,Dodoma Airport,Dodoma,TZ,M,
DOG,Dongola Airport,Dongola,SD,M,
DOH,Hamad International Airport,Doha,QA,L,New Doha International Airport
DOL,Deauville-Normandie Airport,"Deauville, Calvados",FR,M,Deauville-Saint Gatien
DOM,Douglas-Charles Airport,Marigot,DM,M,
DOP,Dolpa Airport,Dolpa,NP,S,
DOY,Dongying Shengli Airport,Dongying (Kenli),CN,M,Dongying Air Base Dongying Yong'an Airport
DPL,Dipolog Airport,Dipolog,PH,M,
DPO,Devonport Airport,Devonport,AU,M,
DPS,I Gusti Ngurah Rai International Airport,Denpasar,ID,L,WRRR Bali Denpasar International Airport
DPT,Deputatskiy Airport,Deputatskiy,RU,S,УЕБД Deputatsky Airport Аэропорт Депутатский Deputy Airport
DQA,Daqing Sartu Airport,Daqing,CN,S,
DQM,Duqm International Airport,Duqm,OM,L,
DRG,Deering Airport,Deering,US,M,0Z0
DRJ,Drietabbetje Airport,Drietabbetje,SR,S,
DRO,Durango La Plata County Airport,Durango,US,M,
DRP,Bicol International Airport,Legazpi,PH,M,Daraga
DRS,Dresden Airport,Dresden,DE,M,
DRV,Dharavandhoo Airport,Baa Atoll,MV,S,
DRW,Darwin International Airport / RAAF Darwin,Darwin,AU,L,
DSD,La Désirade Airport,Grande Anse,GP,S,
DSE,Kombolcha Airport,Dessie,ET,S,
DSI,Destin Executive Airport,Destin,US,M,81J Destin-Fort Walton Beach Airport
DSM,Des Moines International Airport,Des Moines,US,M,
DSN,Ordos Ejin Horo Airport,Ordos,CN,M,Dongsheng
DSO,Sondok Airport,Sŏndŏng-ni,KP,M,
DSS,Blaise Diagne International Airport,Dakar,SN,L,dakar new dakar airport dakar airport diass airport
DTB,Silangit Airport,Siborong-Borong,ID,S,Lake Toba North Tapanuli
DTD,Datadawai Airport,Datadawai-Borneo Island,ID,S,
DTM,Dortmund Airport,Dortmund,DE,M,
DTR,Decatur Shores Airport,Decatur,US,S,
DTU,Wudalianchi Dedu Airport,Heihe,CN,M,
DTW,Detroit Metropolitan Wayne County Airport,Detroit,US,L,DTT Detroit Metro Airport
DUB,Dublin Airport,Dublin,IE,L,Aerfort Bhaile Átha Cliath
DUD,Dunedin International Airport,Dunedin,NZ,M,
DUE,Dundo Airport,Chitato,AO,M,
DUJ,DuBois Regional Airport,Dubois,US,M,DuBois Jefferson County
DUM,Pinang Kampai Airport,Dumai,ID,M,
DUR,King Shaka International Airport,Durban,ZA,L,La Mercy Airport
DUS,Düsseldorf Airport,Düsseldorf,DE,L,
DUT,Tom Madsen (Dutch Harbor) Airport,Unalaska,US,M,Dutch Harbor Unalaska
DVL,Devils Lake Regional Airport,Devils Lake,US,M,
DVO,Francisco Bangoy International Airport,Davao,PH,L,Davao International Airport
DWB,Soalala Airport,Soalala,MG,S,
DWC,Al Maktoum International Airport,Jebel Ali,AE,L,
DWD,King Salman Abdulaziz Airport,Dawadmi,SA,M,Al Dawadmi Airport
DXB,Dubai International Airport,Dubai,AE,L,مطار دبي الدولي‎
DXJ,Xiangxi Biancheng Airport,Xiangxi,CN,S,
DYG,Zhangjiajie Hehua International Airport,Zhangjiajie (Yongding),CN,S,Dayong Airport
DYR,Ugolny Yuri Ryktheu Airport,Anadyr,RU,M,Аnadyr Airport Аэропорт Анадырь
DYU,Dushanbe Airport,Dushanbe,TJ,M,
DZA,Dzaoudzi Pamandzi International Airport,Dzaoudzi,YT,M,
DZH,Dazhou Jinya Airport,Dazhou (Dachuan),CN,M,
DZN,Zhezkazgan National Airport,Zhezkazgan,KZ,M,УАКД Жезказган Dzhezkazgan South
EAA,Eagle Airport,Eagle,US,S,
EAE,Siwo Airport,Emae Island,VU,S,Sangafa Airport Emae Airport
EAM,Najran Domestic Airport,Najran,SA,M,
EAR,Kearney Regional Airport,Kearney,US,M,
EAS,San Sebastián Airport,Hondarribia,ES,M,
EAT,Pangborn Memorial Airport,Wenatchee,US,M,
EAU,Chippewa Valley Regional Airport,Eau Claire,US,M,
EBA,Marina di Campo Airport,Campo nell'Elba (LI),IT,M,Elba
EBB,Entebbe International Airport,Kampala,UG,L,
EBD,El-Obeid Airport,El-Obeid,SD,M,Al-Ubayyid
EBJ,Esbjerg Airport,Esbjerg,DK,M,offshore North Sea
EBL,Erbil International Airport,Arbil,IQ,M,Irbil Kurdistan فروکه‌خانه‌ی نيوده‌وله‌تی هه‌ولير
ECN,Nicosia (Lefkoşa) Ercan International Airport,Tymbou (Kirklar),CY,M,Tymvou
ECP,Northwest Florida Beaches International Airport,Panama City Beach,US,M,Northwest Florida Beaches International Airport
EDI,Edinburgh Airport,Edinburgh,GB,L,
EDL,Eldoret International Airport,Eldoret,KE,M,HKED
EDO,Balıkesir Koca Seyit Airport,Edremit,TR,M,
EDR,Pormpuraaw Airport,Pormpuraaw,AU,S,Edward River Airport
EEK,Eek Airport,Eek,US,S,
EFL,Kefallinia Airport,Kefallinia Island,GR,M,
EGC,Bergerac Dordogne Périgord Airport,Bergerac/Roumanière,FR,M,
EGE,Eagle County Regional Airport,Eagle,US,M,
EGO,Belgorod International Airport,Belgorod,RU,M,
EGS,Egilsstaðir Airport,Egilsstaðir,IS,M,
EGX,Egegik Airport,Egegik,US,M,
EHU,Ezhou Huahu Airport,Ezhou,CN,L,EHU ZHEC
EIE,Yeniseysk Airport,Yeniseysk,RU,M,Yeniseisk Airport Аэропорт Енисейск
EIK,Yeysk Airport,Yeysk,RU,M,Eysk Airport Аэропорт Ейск УРКЕ ЬРКЕ
EIN,Eindhoven Airport,Eindhoven,NL,L,Welschap Airport
EIS,Terrance B. Lettsome International Airport,Road Town,VG,M,BVI Beef Island Airport
EJA,Yariguíes Airport,Barrancabermeja,CO,M,
EJH,Al Wajh Domestic Airport,Al Wajh,SA,M,Wedjh Wejh
EJT,Enejit Airport,Enejit Island,MH,S,Enajet
EKO,Elko Regional Airport,Elko,US,M,
EKS,Shakhtyorsk Airport,Shakhtyorsk,RU,S,Shakhtersk Airport Аэропорт Шахтёрск Аэропорт Шахтерск
ELC,Elcho Island Airport,Elcho Island,AU,M,
ELD,South Arkansas Regional Airport at Goodwin Field,El Dorado,US,M,
ELF,El Fasher Airport,El Fasher,SD,M,El Fashir Airport
ELG,El Golea Airport,El Menia,DZ,M,
ELH,North Eleuthera Airport,North Eleuthera,BS,M,
ELI,Elim Airport,Elim,US,S,
ELM,Elmira Corning Regional Airport,Elmira/Corning,US,M,
ELP,El Paso International Airport,El Paso,US,M,
ELQ,Gassim Airport,Buraidah,SA,M,
ELS,King Phalo Airport,East London,ZA,M,
ELU,Guemar Airport,Guemar,DZ,M,
EMA,East Midlands Airport,Nottingham,GB,M,RAF Castle Donington
EMD,Emerald Airport,Emerald,AU,M,
EME,Emden Airport,Emden,DE,S,
EMK,Emmonak Airport,Emmonak,US,M,
ENA,Kenai Municipal Airport,Kenai,US,M,
ENE,H. Hasan Aroeboesman (Ende) Airport,Ende,ID,S,WRKE Isi
ENF,Enontekio Airport,Enontekio,FI,M,
ENH,Enshi Xujiaping Airport,Enshi (Enshi),CN,M,
ENI,El Nido Airport,El Nido,PH,S,El Nido
ENO,Lieutenant Amin Ayub González International Airport,Encarnación,PY,L,Aeropuerto Internacional Tte. Amin Ayub González
ENT,Eniwetok Airport,Eniwetok Atoll,MH,S,
ENU,Akanu Ibiam International Airport,Enegu,NG,M,
ENY,Yan'an Nanniwan Airport,Yan'an (Baota),CN,M,
EOH,Enrique Olaya Herrera Airport,Medellín,CO,M,
EOI,Eday Airport,Eday,GB,M,London Airport
EPR,Esperance Airport,Esperance,AU,M,
EPU,Pärnu Airport,Pärnu,EE,M,
EQS,Esquel Brigadier Antonio Parodi International Airport,Esquel,AR,M,
ERC,Erzincan Airport,Erzincan,TR,M,
ERF,Erfurt-Weimar Airport,Erfurt,DE,M,Flughafen Erfurt-Weimar
ERH,Moulay Ali Cherif Airport,Errachidia,MA,M,
ERI,Erie International Tom Ridge Field,Erie,US,M,
ERL,Erenhot Saiwusu International Airport,Erenhot,CN,M,Saiwusu Airport
ERS,Eros Airport,Windhoek,NA,M,
ERZ,Erzurum International Airport,Erzurum,TR,M,
ESB,Esenboğa International Airport,Ankara,TR,L,
ESC,Delta County Airport,Escanaba,US,M,
ESD,Orcas Island Airport,Eastsound,US,M,
ESL,Elista Airport,Elista,RU,M,
ESM,Carlos Concha Torres International Airport,Tachina,EC,M,General Rivadeneira
ESR,Ricardo García Posada Airport,El Salvador,CL,M,
ESU,Essaouira-Mogador Airport,Essaouira,MA,M,
ETM,Ramon International Airport,Eilat,IL,L,
ETR,Santa Rosa - Artillery Colonel Victor Larrea International Airport,Santa Rosa,EC,M,Machala International Airport
ETZ,Metz-Nancy-Lorraine Airport,Goin,FR,M,
EUA,Kaufana Airport,Eua Island,TO,S,
EUG,Mahlon Sweet Field,Eugene,US,M,
EUN,Hassan I Airport,El Aaiún,EH,M,GSAI Laâyoune
EUX,F. D. Roosevelt Airport,Sint Eustatius,BQ,M,
EVE,"Harstad/Narvik Airport, Evenes",Evenes,NO,M,Harstad/Narvik lufthavn Evenes
EVG,Sveg Airport,Sveg,SE,S,
EVN,Zvartnots International Airport,Yerevan,AM,L,UGEE Erevan Airport Erivan Airport Аэропорт Звартноц Аэропорт Ереван
EVV,Evansville Regional Airport,Evansville,US,M,
EWB,New Bedford Regional Airport,New Bedford,US,M,
EWN,Coastal Carolina Regional Airport,New Bern,US,M,
EWR,Newark Liberty International Airport,Newark,US,L,Manhattan New York City NYC
EXT,Exeter International Airport,"Exeter, Devon",GB,M,
EYK,Beloyarskiy Airport,,RU,M,Beloyarsky Airport Аэропорт Белоярский УСХЯ
EYP,El Yopal Airport,El Yopal,CO,M,
EYW,Key West International Airport,Key West,US,M,
EZE,Minister Pistarini International Airport,Buenos Aires (Ezeiza),AR,L,BUE Ezeiza
EZS,Elazığ Airport,Elazığ,TR,M,
FAE,Vágar Airport,Vágar,FO,M,Faroes RAF Vágar
FAI,Fairbanks International Airport,Fairbanks,US,M,
FAO,Faro Airport,Faro,PT,L,
FAR,Hector International Airport,Fargo,US,M,119th Wing Happy Hooligans
FAT,Fresno Yosemite International Airport,Fresno,US,M,
FAV,Fakarava Airport,,PF,M,
FAY,Fayetteville Regional Airport - Grannis Field,Fayetteville,US,M,
FBD,Fayzabad Airport,Fayzabad,AF,S,
FBE,Paulo Abdala Airport,Francisco Beltrão,BR,S,
FBM,Lubumbashi International Airport,Lubumbashi,CD,M,
FCA,Glacier Park International Airport,Kalispell,US,M,Formerly KFCA
FCN,Sea-Airport Cuxhaven/Nordholz / Nordholz Naval Airbase,Wurster Nordseeküste,DE,M,Cuxhaven Fliegerhorst Nordholz Flughafen Cuxhaven/Nordholz
FCO,Rome–Fiumicino Leonardo da Vinci International Airport,Rome,IT,L,ROM Rome Fiumicino Airport Fiumicino Airport
FDE,"Førde Airport, Bringeland",Førde,NO,S,bringeland
FDF,Martinique Aimé Césaire International Airport,Fort-de-France,MQ,L,Le Lamentin Airport
FDH,Friedrichshafen Airport,Friedrichshafen,DE,M,Bodensee Airport Friedrichshafen
FDU,Bandundu Airport,Bandundu,CD,M,
FEC,João Durval Carneiro Airport,Feira de Santana,BR,S,SNJD SBFE
FEG,Fergana International Airport,Fergana,UZ,M,UTKF
FEN,Fernando de Noronha Airport,Fernando de Noronha,BR,M,
FEZ,Fes Saïss International Airport,Saïss,MA,M,
FGU,Fangatau Airport,Fangatau,PF,M,
FHZ,Fakahina Airport,Fakahina,PF,S,
FIE,Fair Isle Airport,Fair Isle,GB,S,
FIH,Ndjili International Airport,Kinshasa,CD,L,
FIZ,Fitzroy Crossing Airport,,AU,M,
FJR,Fujairah International Airport,Fujairah,AE,M,
FKB,Karlsruhe Baden-Baden Airport,Rheinmünster,DE,M,Baden Airpark
FKI,Bangoka International Airport,Kisangani,CD,M,
FKQ,Fakfak Airport,Fakfak,ID,M,
FKS,Fukushima Airport,Sukagawa,JP,M,福島空港
FLA,Gustavo Artunduaga Paredes Airport,Florencia,CO,M,
FLG,Flagstaff Pulliam International Airport,Flagstaff,US,M,
FLL,Fort Lauderdale Hollywood International Airport,Fort Lauderdale,US,L,MFW South Florida
FLN,Hercílio Luz International Airport,Florianópolis,BR,L,http://www.infraero.gov.br/usa/aero_prev_home.php?ai=228
FLO,Florence Regional Airport,Florence,US,M,
FLR,"Florence Airport, Peretola",Firenze (FI),IT,M,Florence Firenze Amerigo Vespucci Airport
FLS,Flinders Island Airport,Flinders Island,AU,S,
FLW,Flores Airport,Santa Cruz das Flores,PT,M,
FLZ,Dr. Ferdinand Lumban Tobing Airport,Sibolga (Pinangsori),ID,M,Pinangsori Airport
FMA,Formosa National Airport,Formosa,AR,M,Aeropuerto Nacional de Formosa
FMI,Kalemie Airport,Kalemie,CD,M,
FMM,Memmingen Allgau Airport,Memmingen,DE,M,
FMO,Münster Osnabrück Airport,Greven,DE,M,
FMT,Faresmaathoda Airport,Faresmaathodaa,MV,S,
FNA,Lungi International Airport,Freetown (Lungi-Town),SL,L,
FNC,Madeira International Airport Cristiano Ronaldo,Funchal,PT,L,Madeira Funchal
FND,Funadhoo Airport,Funadhoo,MV,S,
FNI,Nîmes-Arles-Camargue Airport,Nîmes/Garons,FR,M,
FNJ,Pyongyang Sunan International Airport,Pyongyang,KP,L,
FNT,Bishop International Airport,Flint,US,M,
FOA,Foula Airfield,Foula,GB,S,EGFO
FOC,Fuzhou Changle International Airport,Fuzhou (Changle),CN,L,
FOD,Fort Dodge Regional Airport,Fort Dodge,US,M,
FOG,Foggia Gino Lisa Airport,Foggia (FG),IT,M,Foggia Airport
FOR,Pinto Martins International Airport,Fortaleza,BR,L,
FPO,Grand Bahama International Airport,Freeport,BS,M,
FRA,Frankfurt Airport,Frankfurt am Main,DE,L,EDAF Frankfurt am Main Frankfurt Main Rhein-Main Air Base Zeppelinheim
FRD,Friday Harbor Airport,Friday Harbor,US,M,
FRE,Fera/Maringe Airport,Fera Island,SB,S,Santa Isabel Islands
FRL,Forlì Luigi Ridolfi Airport,Forlì (FC),IT,M,L Ridolfi Ronco di Forlì
FRO,Florø Airport,Florø,NO,M,Floro
FRS,Mundo Maya International Airport,San Benito,GT,M,
FRU,Manas International Airport,Bishkek,KG,L,UAFM Manas Air Force Base
FRW,P G Matante Intl,Francistown,BW,M,FBFT
FSC,Figari Sud-Corse Airport,Figari Sud-Corse,FR,M,
FSD,Sioux Falls Regional Airport / Joe Foss Field,Sioux Falls,US,M,Joe Foss Field Fighting Lobos Sioux Falls Army Air Base 114th Fighter Wing Sioux Falls Regional Airport
FSM,Fort Smith Regional Airport,Fort Smith,US,M,
FSP,St Pierre Airport,Saint-Pierre,PM,M,
FSZ,Mount Fuji Shizuoka Airport,Makinohara / Shimada,JP,M,
FTA,Futuna Airport,Futuna Island,VU,S,
FTE,El Calafate - Commander Armando Tola International Airport,El Calafate,AR,M,
FTI,Fitiuta Airport,Fitiuta Village,AS,S,
FTU,Tôlanaro Airport,Tôlanaro,MG,M,Tolagnaro Airport Marillac Airport Fort-Dauphin
FUE,Fuerteventura Airport,El Matorral,ES,L,
FUG,Fuyang Xiguan Airport,"Yingzhou, Fuyang",CN,M,
FUJ,Fukue Airport,Goto,JP,M,Goto-Fukue Goto Tsubaki
FUK,Fukuoka Airport,Fukuoka,JP,L,Itazuke Air Base
FUN,Funafuti International Airport,Funafuti,TV,M,
FUO,Foshan Shadi Airport,Foshan (Nanhai),CN,M,Guangzhou Shadi Air Base
FUT,Pointe Vele Airport,Futuna Island,WF,S,
FWA,Fort Wayne International Airport,Fort Wayne,US,M,Baer Field
FYJ,Fuyuan Dongji Airport,Fuyuan,CN,M,
FYN,Fuyun Koktokay Airport,Fuyun,CN,M,
FYU,Fort Yukon Airport,Fort Yukon,US,M,
GAE,Gabès Matmata International Airport,Gabès,TN,M,
GAF,Gafsa Ksar International Airport,Gafsa,TN,M,
GAJ,Yamagata Airport,Higashine,JP,M,
GAL,Edward G. Pitka Sr Airport,Galena,US,M,
GAM,Gambell Airport,Gambell,US,M,
GAN,Gan International Airport,Gan,MV,M,Addu City
GAQ,Gao Airport,,ML,M,
GAU,Lokpriya Gopinath Bordoloi International Airport,Guwahati,IN,M,Borjhar Airport Mountain Shadow Air Force Station
GAX,Gamba Airport,Gamba,GA,S,
GAY,Gaya Airport,Gaya,IN,M,
GBB,Gabala International Airport,Gabala,AZ,M,Qəbələ Qabala
GBE,Sir Seretse Khama International Airport,Gaborone,BW,L,
GBI,Kalaburagi Airport,Kalaburagi,IN,S,Gulbarga
GBJ,Marie-Galante Airport,Grand Bourg,GP,M,Marie Galante
GCC,Northeast Wyoming Regional Airport,Gillette,US,M,Gillette Campbell County Airport
GCH,Gachsaran Airport,Gachsaran,IR,M,
GCI,Guernsey Airport,Saint Peter Port,GG,M,Channel Islands
GCK,Garden City Regional Airport,Garden City,US,M,
GCM,Owen Roberts International Airport,George Town,KY,L,Grand Cayman George Town
GCN,Grand Canyon National Park Airport,Grand Canyon - Tusayan,US,M,
GDB,Gondia Airport,Gondia,IN,M,Birsi
GDE,Gode Airport,Gode,ET,M,Iddiole
GDL,Guadalajara International Airport,Guadalajara,MX,L,Miguel Hidalgo y Costilla Guadalajara
GDN,Gdańsk Lech Wałęsa Airport,Gdańsk,PL,L,Gdańsk-Rębiechowo
GDQ,Gondar Airport,Azezo,ET,M,Atse Tewodros Emperor Tewodros
GDT,JAGS McCartney International Airport,Cockburn Town,TC,M,
GDV,Dawson Community Airport,Glendive,US,M,
GDX,Sokol Airport,Magadan,RU,M,
GDZ,Gelendzhik Airport,Gelendzhik,RU,M,Аэропорт Геленджик
GEA,Nouméa Magenta Airport,Nouméa,NC,M,l'Aéroport de Nouméa Magenta
GEC,Lefkoniko Airport / Geçitkale Air Base,Lefkoniko (Geçitkale),CY,M,Geçitkale Air Base
GEG,Spokane International Airport,Spokane,US,M,
GEL,Santo Ângelo Airport,Santo Ângelo,BR,M,
GEO,Cheddi Jagan International Airport,Georgetown,GY,M,
GER,Rafael Cabrera Airport,Nueva Gerona,CU,M,
GES,General Santos International Airport,General Santos,PH,M,Tambler Airport
GET,Geraldton Airport,Geraldton,AU,M,
GEV,Gällivare Airport,Gällivare,SE,M,
GFF,Griffith Airport,Griffith,AU,M,
GFK,Grand Forks International Airport,Grand Forks,US,M,
GGF,Almeirim Airport,Almeirim,BR,S,
GGG,East Texas Regional Airport,Longview,US,M,
GGJ,Guaíra Airport,Guaíra,BR,S,Walter Martins de Oliveira Municipal QGA
GGR,Garowe Airport,Garowe,SO,S,HCMW Puntland General Mohamed Abshir
GGS,Gobernador Gregores Airport,Gobernador Gregores,AR,S,
GGT,Exuma International Airport,Moss Town,BS,M,
GGW,Glasgow Valley County Airport Wokal Field,Glasgow,US,M,Glascow / Valley County Glasgow Army Airfield Wokal Field Glasgow International Glasgow Satellite Airfield
GHA,Noumérat - Moufdi Zakaria Airport,El Atteuf,DZ,M,Ghardaïa
GHB,Governor's Harbour Airport,Governor's Harbour,BS,M,
GHT,Ghat Airport,Ghat,LY,M,
GHV,Brașov-Ghimbav International Airport,Brașov (Ghimbav),RO,M,Aeroportul Internațional Brașov-Ghimbav
GIB,Gibraltar Airport,Gibraltar,GI,L,
GIC,Boigu Island Airport,Boigu Island,AU,S,
GIG,Rio Galeão – Tom Jobim International Airport,Rio De Janeiro,BR,L,Galeão - Antônio Carlos Jobim International Airport
GIL,Gilgit Airport,Gilgit,PK,M,
GIS,Gisborne Airport,Gisborne,NZ,M,
GIZ,Jizan Regional Airport / King Abdullah bin Abdulaziz Airport,Jizan,SA,M,Gizan
GJA,La Laguna Airport,Guanaja,HN,M,
GJL,Jijel Ferhat Abbas Airport,Tahir,DZ,M,
GJT,Grand Junction Regional Airport,Grand Junction,US,M,
GKA,Goroka Airport,Goronka,PG,M,
GKK,Kooddoo Airport,Huvadhu Atoll,MV,S,
GKN,Gulkana Airport,Gulkana,US,M,
GLA,Glasgow International Airport,"Paisley, Renfrewshire",GB,L,Port-adhair Eadar-nàiseanta Ghlaschu RAF Abbotsinch RAF Ayr
GLF,Golfito Airport,Golfito,CR,M,
GLH,Mid Delta Regional Airport,Greenville,US,M,
GLK,Galcaio Airport,Galcaio,SO,S,Galkacyo Airport
GLT,Gladstone Airport,Gladstone,AU,M,
GLV,Golovin Airport,Golovin,US,S,Formerly N93
GMA,Gemena Airport,Gemena,CD,M,
GMB,Gambela Airport,Gambela,ET,M,Gambela National Park
GME,Gomel Airport,Gomel,BY,M,
GMI,Gasmata Island Airport,Gasmata Island,PG,S,
GMO,Gombe Lawanti International Airport,Gombe,NG,M,
GMP,Gimpo International Airport,Seoul,KR,L,
GMQ,Golog Maqên Airport,Golog (Maqên),CN,M,Guoluo Maqin Maqên Maqin
GMR,Totegegie Airport,,PF,M,
GMZ,La Gomera Airport,"Alajero, La Gomera Island",ES,S,
GNA,Hrodna Airport,Hrodna,BY,M,Grodno Airport Гро́дна
GNB,Grenoble Alpes Isère Airport,"Saint-Étienne-de-Saint-Geoirs, Isère",FR,M,
GND,Maurice Bishop International Airport,Saint George's,GD,M,Point Salines
GNJ,Ganja International Airport,Ganja,AZ,M,Gyandzha Airport Аэропорт Гянджа
GNS,Binaka Airport,Gunungsitoli,ID,M,
GNU,Goodnews Airport,Goodnews,US,S,
GNV,Gainesville Regional Airport,Gainesville,US,M,
GNY,Şanlıurfa GAP Airport,Şanlıurfa,TR,M,
GNZ,Ghanzi Airport,Ghanzi,BW,S,
GOA,Genoa Cristoforo Colombo Airport,Genova (GE),IT,M,Genova Sestri Sestri Cristoforo Colombo Airport Cristoforo Colombo Airport
GOH,Nuuk Airport,Nuuk,GL,M,Godthåb Nuussuaq Mittarfik Nuuk
GOI,Dabolim Airport,Vasco da Gama,IN,L,Goa Airport Dabolim Navy Airbase दाबोळी विमानतळ
GOJ,Nizhny Novgorod Strigino International Airport,Nizhny Novgorod,RU,M,Strigino Airport
GOM,Goma International Airport,Goma,CD,M,
GOP,Gorakhpur Airport,Gorakhpur,IN,M,Gorakhpur Air Force Station
GOQ,Golmud Airport,Golmud,CN,M,
GOT,Göteborg Landvetter Airport,Göteborg,SE,L,Göteborg-Landvetter Gothenburg
GOU,Garoua International Airport,Garoua,CM,M,
GOV,Gove Airport,Nhulunbuy,AU,M,
GOX,Manohar International Airport,Mopa,IN,L,Mopa International
GOY,Tura Mountain Airport,Tura,RU,S,УНИТ Тура / Горный Tura Northeast
GPA,Patras Araxos Agamemnon Airport,Patras,GR,M,
GPI,Juan Casiano Airport,Guapi,CO,M,
GPS,Seymour Galapagos Ecological Airport,Isla Baltra,EC,S,
GPT,Gulfport Biloxi International Airport,Gulfport,US,M,
GRB,Austin Straubel International Airport,Green Bay,US,M,
GRI,Central Nebraska Regional Airport,Grand Island,US,M,
GRJ,George Airport,George,ZA,M,PW Botha Airport
GRK,Killeen Regional Airport / Robert Gray Army Airfield,Fort Cavazos,US,M,Gray Fort Hood Robert Gray Army Airfield Killeen/Fort Hood Regional
GRO,Girona-Costa Brava Airport,Girona,ES,M,Girona Costa Brava Girona-Costa Brava
GRQ,Groningen Airport Eelde,Groningen,NL,M,
GRR,Gerald R. Ford International Airport,Grand Rapids,US,M,
GRU,Guarulhos - Governador André Franco Montoro International Airport,São Paulo,BR,L,Cumbica
GRV,Grozny Airport,Grozny,RU,M,Grozny North Grozny Severny Grozny Аэропорт Грозный Северный Аэропорт Грозный
GRW,Graciosa Airport,Santa Cruz da Graciosa,PT,M,
GRX,F.G.L. Airport Granada-Jaén Airport,Granada,ES,M,
GRY,Grímsey Airport,Grímsey,IS,S,
GRZ,Graz Airport,Feldkirchen bei Graz,AT,M,Thalerhof Airport Fliegerhorst Nittner Nittner Air Base Christophorus 12
GSM,Qeshm Dayrestan International Airport,Dayrestan,IR,S,Qeshm Island
GSO,Piedmont Triad International Airport,Greensboro,US,M,
GSP,Greenville Spartanburg International Airport,Greer,US,M,
GST,Gustavus Airport,Gustavus,US,M,
GSV,Gagarin International Airport,Saratov,RU,L,
GTA,Gatokae Aerodrome,Gatokae,SB,S,
GTE,Groote Eylandt Airport,Groote Eylandt,AU,M,
GTF,Great Falls International Airport,Great Falls,US,M,
GTO,Jalaluddin Airport,Gorontalo-Celebes Island,ID,S,
GTR,Golden Triangle Regional Airport,Columbus/W Point/Starkville,US,M,
GUA,La Aurora Airport,Guatemala City,GT,L,
GUB,Guerrero Negro Airport,San Quintín,MX,S,MM58
GUC,Gunnison Crested Butte Regional Airport,Gunnison,US,M,
GUM,Antonio B. Won Pat International Airport,Hagåtña,GU,L,Agana
GUP,Gallup Municipal Airport,Gallup,US,M,
GUR,Gurney Airport,Gurney,PG,M,
GUW,Atyrau International Airport,Atyrau,KZ,M,
GUZ,Guarapari Airport,Guarapari,BR,S,
GVA,Geneva Cointrin International Airport,Geneva,CH,L,
GWD,Gwadar International Airport,Gwadar,PK,M,
GWL,Gwalior Airport,Gwalior,IN,M,Maharajpur Air Force Station
GWT,Westerland Sylt Airport,Sylt,DE,M,
GXF,Seiyun Hadhramaut International Airport,Seiyun,YE,M,
GXG,Negage Airport,Negage,AO,M,
GXH,Gannan Xiahe Airport,Gannan (Xiahe),CN,M,Hezuo
GYA,Guayaramerín Airport,Guayaramerín,BO,M,
GYD,Heydar Aliyev International Airport,Baku,AZ,L,BAK Bina International Airport Heydər Əliyev adına beynəlxalq hava limanı
GYE,José Joaquín de Olmedo International Airport,Guayaquil,EC,L,Simon Bolivar International Airport
GYM,General José María Yáñez International Airport,Guaymas,MX,M,
GYN,Santa Genoveva Airport,Goiânia,BR,M,
GYS,Guangyuan Panlong Airport,Guangyuan (Lizhou),CN,M,
GYU,Guyuan Liupanshan Airport,Guyuan (Yuanzhou),CN,M,
GYZ,Gruyere Airport,Cosmo Newbery,AU,S,
GZG,Garze Gesar Airport,Garzê (Garzê),CN,S,Ganzi Garzê
GZO,Nusatupe Airport,Gizo,SB,S,
GZP,Gazipaşa-Alanya Airport,Gazipaşa,TR,M,
GZT,Gaziantep International Airport,Gaziantep,TR,M,
HAA,Hasvik Airport,Hasvik,NO,S,
HAC,Hachijojima Airport,Hachijojima,JP,M,
HAD,Halmstad Airport,Halmstad,SE,M,
HAH,Prince Said Ibrahim International Airport,Moroni,KM,M,Hahaia
HAJ,Hannover Airport,Hannover,DE,L,
HAK,Haikou Meilan International Airport,Haikou (Meilan),CN,L,ZGHK
HAL,Halali Airport,Halali,NA,S,
HAM,Hamburg Helmut Schmidt Airport,Hamburg,DE,L,Hamburg-Fuhlsbüttel Airport
HAN,Noi Bai International Airport,Hanoi (Soc Son),VN,L,Noibai Airport Sân bay Quốc tế Nội Bài
HAQ,Hanimaadhoo Airport,Haa Dhaalu Atoll,MV,M,
HAS,Ha'il Airport,Ha'il,SA,M,Hail Airport
HAU,"Haugesund Airport, Karmøy",Karmøy,NO,M,Karmoy
HAV,José Martí International Airport,Havana,CU,L,Habana
HBA,Hobart International Airport,Hobart,AU,M,
HBE,Borj El Arab International Airport,Alexandria,EG,M,
HBQ,Haibei Qilian Airport,Haibei (Qilian),CN,S,
HBX,Hubli Airport,Hubli,IN,M,VAHB
HCJ,Hechi Jinchengjiang Airport,Hechi (Jinchengjiang),CN,M,
HCR,Holy Cross Airport,Holy Cross,US,M,4Z4
HCZ,Chenzhou Beihu Airport,Chenzhou,CN,M,
HDD,Hyderabad Airport,Hyderabad,PK,S,
HDF,Heringsdorf Airport,Zirchow,DE,M,
HDG,Handan Airport,Handan,CN,M,
HDK,Kulhudhuffushi Airport,Kulhudhuffushi,MV,S,
HDM,Hamadan Airport,Hamadan,IR,M,
HDN,Yampa Valley Airport,Hayden,US,M,
HDO,Hindon Airport / Hindon Air Force Station,Ghaziabad,IN,S,
HDS,Hoedspruit Air Force Base Airport,Hoedspruit,ZA,S,
HDY,Hat Yai International Airport,Hat Yai,TH,M,
HEA,Herat - Khwaja Abdullah Ansari International Airport,Guzara,AF,M,
HEH,Heho Airport,Kalaw Township,MM,S,
HEI,Heide-Büsum Airport,Oesterdeichstrich,DE,S,
HEK,Heihe Aihui Airport,Heihe,CN,M,
HEL,Helsinki Vantaa Airport,Helsinki,FI,L,
HER,Heraklion International Nikos Kazantzakis Airport,Heraklion,GR,L,Crete Island
HET,Hohhot Baita International Airport,Hohhot,CN,L,
HFA,Haifa International Airport,Haifa,IL,M,U Michaeli Airport RAF Haifa
HFE,Hefei Xinqiao International Airport,Hefei,CN,M,
HFN,Hornafjörður Airport,Höfn,IS,M,
HFS,Hagfors Airport,Råda,SE,S,
HFT,Hammerfest Airport,Hammerfest,NO,M,
HGA,Egal International Airport,Hargeisa,SO,M,Madaarka Caalamiga a ee Cigaal مطار هرجيسا إيغال الدولية‎)
HGD,Hughenden Airport,,AU,S,
HGE,Higuerote Airport,Higuerote,VE,S,Sabana de Oro
HGH,Hangzhou Xiaoshan International Airport,Hangzhou,CN,L,Hang Zhou 杭州萧山国际机场
HGI,Itanagar Donyi Polo Hollongi Airport,Hollongi,IN,M,
HGL,Helgoland-Düne Airport,Helgoland,DE,S,
HGN,Mae Hong Son Airport,Mae Hong Son,TH,M,
HGR,Hagerstown Regional Richard A Henson Field,Hagerstown,US,M,
HGU,Mount Hagen Kagamuga Airport,Mount Hagen,PG,M,
HHH,Hilton Head Airport,Hilton Head Island,US,M,49J
HHN,Frankfurt-Hahn Airport,Frankfurt am Main (Lautzenhausen),DE,M,
HHQ,Hua Hin Airport,Hua Hin,TH,M,
HHR,Jack Northrop Field Hawthorne Municipal Airport,Hawthorne,US,M,
HHZ,Hikueru Airport,Hikueru,PF,S,
HIA,Huai'an Lianshui International Airport,Huai'an,CN,M,
HIB,Range Regional Airport,Hibbing,US,M,Chisholm Hibbing Airport
HID,Horn Island Airport,Horn,AU,M,
HIJ,Hiroshima Airport,Hiroshima,JP,M,広島空港
HIL,Shilavo Airport,Shilavo,ET,S,Shillavo Shilabo Scilave ሺላቮ
HIN,Sacheon Airport / Sacheon Air Base,Sacheon,KR,M,
HIR,Honiara International Airport,Honiara,SB,L,Henderson Field
HJB,Hejing Bayinbuluke Airport,Hejing,CN,S,
HJJ,Huaihua Zhijiang Airport,Huaihua,CN,M,Chihkiang Airfield
HJR,Khajuraho Airport,Khajuraho,IN,M,VAKJ
HKD,Hakodate Airport,Hakodate,JP,M,
HKG,Hong Kong International Airport,Hong Kong,HK,L,Chek Lap Kok Airport 赤鱲角機場
HKK,Hokitika Airfield,,NZ,M,
HKN,Hoskins Airport,Kimbe,PG,M,
HKT,Phuket International Airport,Phuket,TH,L,
HLA,Lanseria International Airport,Johannesburg,ZA,M,
HLD,Hulunbuir Hailar Airport,Hailar,CN,M,Hailar Dongshan
HLE,Saint Helena Airport,Longwood,SH,S,
HLH,Ulanhot Yilelite Airport,Ulanhot,CN,S,
HLN,Helena Regional Airport,Helena,US,M,
HLP,Halim Perdanakusuma International Airport,Jakarta,ID,M,WIIH WIIX WIID
HLZ,Hamilton International Airport,Hamilton,NZ,M,
HMA,Khanty Mansiysk Airport,Khanty-Mansiysk,RU,M,
HMB,Suhaj Mubarak International Airport,Suhaj,EG,L,HEMK Mubarak International Airport
HME,Hassi Messaoud-Oued Irara Krim Belkacem Airport,Hassi Messaoud,DZ,M,
HMI,Hami Airport,Hami,CN,M,Kumul Qumul
HMO,General Ignacio P. Garcia International Airport,Hermosillo,MX,M,
HMS,Haji Muhammad Sidik Airport,Muara Teweh,ID,S,Trinsing
HMV,Hemavan Airport,Hemavan,SE,S,
HNA,Iwate Hanamaki Airport,Hanamaki,JP,M,Morioka
HND,Tokyo Haneda International Airport,Tokyo,JP,L,TYO Haneda
HNH,Hoonah Airport,Hoonah,US,S,
HNL,Daniel K Inouye International Airport,"Honolulu, Oahu",US,L,Hickam Air Force Base HIK PHIK KHNL Honolulu International
HNM,Hana Airport,Hana,US,M,
HNS,Haines Airport,Haines,US,M,
HNY,Hengyang Nanyue Airport,Hengyang,CN,S,
HOB,Lea County Regional Airport,Hobbs,US,M,
HOD,Hodeidah International Airport,Hodeida,YE,M,Al Hudaydah International Airport
HOF,Al-Ahsa International Airport,Hofuf,SA,M,
HOG,Frank Pais International Airport,Holguin,CU,M,
HOI,Hao Airport,Otepa,PF,M,
HOK,Hooker Creek Airport,Lajamanu,AU,S,
HOM,Homer Airport,Homer,US,M,
HOR,Horta Airport,Horta,PT,M,
HOT,Memorial Field Airport,Hot Springs,US,M,
HOU,William P Hobby Airport,Houston,US,M,QHO
HOV,"Ørsta-Volda Airport, Hovden",Ørsta,NO,M,
HPA,Lifuka Island Airport,Lifuka,TO,M,Salote Pilolevu Airport Haapai
HPB,Hooper Bay Airport,Hooper Bay,US,S,
HPG,Shennongjia Hongping Airport,Shennongjia (Hongping),CN,M,
HPH,Cat Bi International Airport,Haiphong (Hai An),VN,M,Catbi Airport
HPN,Westchester County Airport,White Plains,US,M,Manhattan New York City NYC
HQL,Tashikuergan Hongqilafu Airport,Tashikuergan,CN,M,
HQQ,Anyang Hongqiqu Airport,Anyang,CN,S,
HRB,Harbin Taiping International Airport,Harbin,CN,L,
HRE,Robert Gabriel Mugabe International Airport,Harare,ZW,L,FVHA Harare
HRF,Hoarafushi Airport,,MV,S,
HRG,Hurghada International Airport,Hurghada,EG,L,Al Ghardaqah الغردقة
HRH,Aligarh Airport,Aligarh,IN,S,Dhanipur
HRI,Mattala Rajapaksa International Airport,Mattala,LK,L,Hambantota International Airport
HRK,Kharkiv International Airport,Kharkiv,UA,M,"Osnova International Airport Міжнародний аеропорт ""Харків"""
HRL,Valley International Airport,Harlingen,US,M,
HRO,Boone County Airport,Harrison,US,M,
HSA,Hazrat Sultan International Airport,Turkıstan,KZ,M,
HSC,Shaoguan Danxia Airport,Shaoguan,CN,M,Shaoguan Air Base Shaoguan Guitou Airport
HSG,Saga Airport,Saga,JP,M,
HSL,Huslia Airport,Huslia,US,M,
HSN,Zhoushan Putuoshan Airport,Zhoushan,CN,M,
HSS,Hisar Airport,Hisar,IN,M,Maharaja Agrasen Intl
HSV,Huntsville International Carl T Jones Field,Huntsville,US,M,
HTA,Chita-Kadala International Airport,Chita,RU,M,
HTG,Khatanga Airport,Khatanga,RU,M,
HTI,Hamilton Island Airport,Hamilton Island,AU,M,
HTN,Hotan Airport,Hotan,CN,M,Khotan Heitan Air Base
HTS,Tri-State Airport / Milton J. Ferguson Field,Huntington,US,M,
HTT,Huatugou Airport,Mengnai,CN,M,
HTY,Hatay Airport,Antakya,TR,M,hatay antakya samandag
HUH,Huahine-Fare Airport,Fare,PF,M,
HUI,Phu Bai International Airport,Huế,VN,M,Phubai
HUN,Hualien Airport,Hualien City,TW,M,花蓮機場
HUO,Holingol Huolinhe Airport,Holingol,CN,M,
HUS,Hughes Airport,Hughes,US,S,
HUU,Alferez Fap David Figueroa Fernandini Airport,Huánuco,PE,M,
HUX,Bahías de Huatulco International Airport,Huatulco,MX,M,
HUY,Humberside Airport,"Grimsby, Lincolnshire",GB,M,RAF Kirmington
HUZ,Huizhou Pingtan Airport,Huizhou (Pingtan),CN,M,Huiyang Air Base Pingtan Airport
HVB,Hervey Bay Airport,Hervey Bay,AU,M,
HVD,Khovd Airport,Khovd,MN,M,Hovd Kobdo
HVG,"Honningsvåg Airport, Valan",Honningsvåg,NO,M,
HVN,Tweed New Haven Airport,New Haven,US,M,
HVR,Havre City County Airport,Havre,US,M,
HXD,Delingha Airport,Delingha,CN,S,
HYA,Cape Cod Gateway Airport,Hyannis,US,M,Barnstable Boardman Polando
HYD,Rajiv Gandhi International Airport,Hyderabad,IN,L,Shamshabad Hyderabad
HYN,Taizhou Luqiao Airport,Huangyan,CN,M,
HYS,Hays Regional Airport,Hays,US,M,
HZA,Heze Mudan Airport,Heze (Dingtao),CN,M,
HZG,Hanzhong Chenggu Airport,Hanzhong (Chenggu),CN,S,
HZH,Liping Airport,Liping,CN,M,
HZK,Húsavík Airport,Húsavík,IS,M,
IAA,Igarka Airport,Igarka,RU,M,
IAD,Washington Dulles International Airport,Dulles,US,L,WAS
IAG,Niagara Falls International Airport,Niagara Falls,US,M,
IAH,George Bush Intercontinental Houston Airport,Houston,US,L,QHO
IAM,Zarzaitine - In Aménas Airport,In Aménas,DZ,M,
IAN,Bob Baker Memorial Airport,Kiana,US,M,
IAO,Siargao Airport,Del Carmen,PH,S,Sayak Airport
IAS,Iaşi Airport,Iaşi,RO,M,Iasi Jassy
IBA,Ibadan Airport,Ibadan,NG,M,
IBB,General Villamil Airport,Puerto Villamil,EC,S,
IBE,Perales Airport,Ibagué,CO,M,
IBR,Ibaraki Airport / JASDF Hyakuri Air Base,Omitama,JP,M,ibaraki hyakuri
IBZ,Ibiza Airport,Ibiza (Eivissa),ES,L,
ICC,Andrés Miguel Salazar Marcano Airport,Isla de Coche,VE,S,
ICI,Cicia Airport,Cicia,FJ,S,
ICN,Incheon International Airport,Seoul,KR,L,
ICT,Wichita Eisenhower National Airport,Wichita,US,M,
IDA,Idaho Falls Regional Airport,Idaho Falls,US,M,Fanning Field
IDR,Devi Ahilyabai Holkar Airport,Indore,IN,M,
IDY,Île d'Yeu Airport,Île d'Yeu,FR,S,
IEG,Zielona Góra-Babimost Airport,Nowe Kramsko,PL,M,
IEV,Ihor Sikorsky Kyiv International Airport (Zhuliany),Kyiv,UA,M,"Міжнародний аеропорт ""Київ"" Kiev"
IFJ,Ísafjörður Airport,Ísafjörður,IS,M,
IFN,Isfahan Shahid Beheshti International Airport,Isfahan,IR,M,Esfahan
IFO,Ivano-Frankivsk International Airport,Ivano-Frankivsk,UA,M,Міжнародний аеропорт Івано-Франківськ
IGA,Inagua Airport,Matthew Town,BS,M,
IGD,Iğdır Airport,Iğdır,TR,M,
IGG,Igiugig Airport,Igiugig,US,S,
IGR,Cataratas Del Iguazú International Airport,Puerto Iguazu,AR,M,Iguaçu
IGT,Magas Airport,Sunzha,RU,M,Sleptsovskaya Airport Ingushetiya Airport Ingushetia Airport Аэропорт Магас Аэропорт Слепцовская Аэропорт Ингушетия Nazr
IGU,Cataratas International Airport,Foz do Iguaçu,BR,M,
IHU,Ihu Airport,Ihu,PG,S,
IIA,Inishmaan Aerodrome,Inis Meáin,IE,S,Aran Islands
IJK,Izhevsk Airport,Izhevsk,RU,M,Аэропорт Ижевск
IKA,Imam Khomeini International Airport,Tehran,IR,L,Ahmadabad
IKI,Iki Airport,Iki,JP,M,
IKO,Nikolski Air Station,Nikolski,US,S,
IKS,Tiksi Airport,Tiksi,RU,M,УЕСТ Аеропорт Тикси
IKT,Irkutsk International Airport,Irkutsk,RU,M,
IKU,Issyk-Kul International Airport,Tamchy,KG,M,UAFL Issyk-Kul Airport Chok-Tal Airport Аэропорт Тамчы Аэропорт Иссык-Куль Аэропорт Чок-Тал
ILD,Lleida-Alguaire Airport,Lleida,ES,M,
ILF,Ilford Airport,Ilford,CA,S,ZBD
ILG,Wilmington Airport,Wilmington,US,M,New Castle
ILI,Iliamna Airport,Iliamna,US,M,
ILM,Wilmington International Airport,Wilmington,US,M,
ILO,Iloilo International Airport,Cabatuan,PH,M,
ILP,Île des Pins Airport,Île des Pins,NC,M,
ILQ,General Jorge Fernandez Maldon Airport,Ilo,PE,M,
ILR,Ilorin International Airport,Ilorin,NG,M,
ILY,Islay Airport,"Isle of Islay, Argyll and Bute",GB,M,Glenegedale Islay Port Ellen
IMF,Imphal Airport,Imphal,IN,M,
IMI,Ine Airport,Arno Atoll,MH,S,
IMK,Simikot Airport,Simikot,NP,S,
IMP,Prefeito Renato Moreira Airport,Imperatriz,BR,M,
IMT,Ford Airport,Kingsford,US,M,Iron Mountain
INB,Independence Airport,Independence,BZ,S,Savannah Mango Creek
INC,Yinchuan Hedong International Airport,Yinchuan,CN,M,
IND,Indianapolis International Airport,Indianapolis,US,L,
INH,Inhambane Airport,Inhambane,MZ,M,
INI,Niš Constantine the Great Airport,Niš,RS,M,Aerodrom Konstantin Veliki Niš
INL,Falls International Airport,International Falls,US,M,
INN,Innsbruck Airport,Innsbruck,AT,M,Kranebitten Airport
INO,Inongo Airport,Inongo,CD,S,
INQ,Inisheer Aerodrome,Inis Oírr,IE,S,Aran Islands
INU,Nauru International Airport,Yaren District,NR,M,ANAU
INV,Inverness Airport,Inverness,GB,M,
INZ,In Salah Airport,In Salah,DZ,M,
IOA,Ioannina King Pyrrhus National Airport,Ioannina,GR,M,
IOM,Isle of Man Airport,Castletown,IM,M,Ronaldsway Douglas
IOR,Inishmore Aerodrome,Inis Mór,IE,S,Aran Islands
IOS,Bahia - Jorge Amado Airport,Ilhéus,BR,M,
IPC,Mataveri Airport,Isla De Pascua,CL,M,Rapa Nui Easter Island
IPH,Sultan Azlan Shah Airport,Ipoh,MY,M,
IPI,San Luis Airport,Ipiales,CO,M,
IPL,Imperial County Airport,Imperial,US,M,
IPN,Usiminas Airport,Ipatinga,BR,M,Usiminas
IPT,Williamsport Regional Airport,Williamsport,US,M,
IQM,Qiemo Yudu Airport,Qiemo,CN,M,Cherchen Qarqan
IQN,Qingyang Xifeng Airport,Qingyang (Xifeng),CN,M,Dingxi Air Base
IQQ,Diego Aracena Airport,Iquique,CL,M,
IQT,Coronel FAP Francisco Secada Vignetta International Airport,Iquitos,PE,M,
IRA,Ngorangora Airport,Kirakira,SB,S,
IRG,Lockhart River Airport,Lockhart River,AU,M,
IRJ,Capitan V A Almonacid Airport,La Rioja,AR,M,
IRK,Kirksville Regional Airport,Kirksville,US,M,
IRP,Matari Airport,Isiro,CD,M,
IRZ,Tapuruquara Airport,Santa Isabel Do Rio Negro,BR,S,
ISA,Mount Isa Airport,Mount Isa,AU,M,
ISB,Islamabad International Airport,Attock,PK,L,
ISC,St. Mary's Airport,St. Mary's,GB,S,
ISE,Süleyman Demirel International Airport,Isparta,TR,M,
ISG,New Ishigaki Airport,Ishigaki,JP,M,
ISK,Nashik Airport,Nasik,IN,M,VA35
ISL,İstanbul Atatürk Airport,"Bakırköy, Istanbul",TR,L,Ataturk Yeşilköy Yesilkoy
ISP,Long Island Mac Arthur Airport,Islip,US,M,
IST,İstanbul Airport,"Arnavutköy, Istanbul",TR,L,
ISU,Sulaymaniyah International Airport,Sulaymaniyah,IQ,M,Kurd Kurdish Kurdistan
ITB,Itaituba Airport,Itaituba,BR,M,
ITH,Ithaca Tompkins Regional Airport,Ithaca,US,M,
ITM,Osaka International Airport,Osaka,JP,L,OSA Itami
ITO,Hilo International Airport,Hilo,US,M,
ITU,Iturup Airport,Kurilsk,RU,S,
IUE,Niue International Airport,Alofi,NU,M,Hanan International Airport
IVC,Invercargill Airport,Invercargill,NZ,M,
IVL,Ivalo Airport,Ivalo,FI,M,
IWA,Ivanovo South Airport,Ivanovo,RU,M,Ivanovo Yuzhniy Airport Ivanovo Yuzhny Airport Аэропорт Иваново Южный
IWD,Gogebic Iron County Airport,Ironwood,US,S,
IWJ,Iwami Airport,Masuda,JP,M,
IWK,Iwakuni Kintaikyo Airport / Marine Corps Air Station Iwakuni,Iwakuni,JP,M,MCAS Iwakuni Iwakuni Air Base
IXA,Agartala - Maharaja Bir Bikram Airport,Agartala,IN,M,Singerbhil Airport Agartala Air Force Station
IXB,Bagdogra Airport,Siliguri,IN,M,Bagdogra Air Force Station
IXC,Chandigarh International Airport,Chandigarh,IN,M,Chandigarh Air Force Station
IXD,Prayagraj Airport,Allahabad,IN,M,VIAL Allahabad Bamrauli Airport Bamrauli Air Force Station
IXE,Mangalore International Airport,Mangalore,IN,M,Bajpe Airport
IXG,Belagavi Airport,Belgaum,IN,M,VABM
IXI,Lilabari North Lakhimpur Airport,Lilabari,IN,M,
IXJ,Jammu Airport,Jammu,IN,M,Satwari Airport
IXK,Keshod Airport,Keshod,IN,M,
IXL,Leh Kushok Bakula Rimpochee Airport,Leh,IN,M,Leh Air Force Station
IXM,Madurai Airport,Madurai,IN,M,Madurai Air Force Station
IXP,Pathankot Airport,Pathankot,IN,M,
IXR,Birsa Munda Airport,Ranchi,IN,M,
IXS,Silchar Airport,Silchar,IN,M,Kumbhigram Air Force Station
IXU,Aurangabad Airport,Aurangabad,IN,M,Chikkalthana Airport
IXY,Kandla Airport,Kandla,IN,M,
IXZ,Veer Savarkar International Airport / INS Utkrosh,Port Blair,IN,M,Port Blair Airport Port Blair Air Force Station
IZA,Presidente Itamar Franco Airport,Juiz de Fora,BR,M,SDZY Zona da Mata Regional Airport Juiz de Fora Airport
IZO,Izumo Enmusubi Airport,Izumo,JP,M,izumo enmusubi en-musubi
IZT,General Antonio Cárdenas Rodríguez National Airport / Ixtepec Air Base,Ixtepec,MX,M,Aeropuerto Nacional General Antonio Cárdenas Rodríguez
JAC,Jackson Hole Airport,Jackson,US,M,
JAE,Shumba Airport,Jaén,PE,M,
JAF,Jaffna International Airport,Jaffna,LK,M,SLAF Palaly Kankesanturai
JAI,Jaipur International Airport,Jaipur,IN,M,
JAN,Jackson-Medgar Wiley Evers International Airport,Jackson,US,M,
JAQ,Jacquinot Bay Airport,Jacquinot Bay,PG,S,
JAU,Francisco Carle Airport,Jauja,PE,M,
JAV,Ilulissat Airport,Ilulissat,GL,M,Mittarfik Ilulissat Ilulissat Lufthavn Jakobshavn
JAX,Jacksonville International Airport,Jacksonville,US,L,
JBB,Notohadinegoro Airport,Jember,ID,S,Jember Jenggawah
JBK,Qitai Jiangbulake Airport,Qitai,CN,S,
JBQ,La Isabela International Airport,La Isabela,DO,M,MDLI SDI Dr Joaquin Balaguer International Airport
JBR,Jonesboro Municipal Airport,Jonesboro,US,M,
JCK,Julia Creek Airport,,AU,S,
JDF,Francisco de Assis Airport,Juiz de Fora,BR,M,Serrinha Airport
JDH,Jodhpur Airport,Jodhpur,IN,M,Jodhpur Air Force Station
JDO,Orlando Bezerra de Menezes Airport,Juazeiro do Norte,BR,S,Juazeiro do Norte Airport
JDZ,Jingdezhen Luojia Airport,Jingdezhen,CN,M,Fouliang Air Base
JED,King Abdulaziz International Airport,Jeddah,SA,L,Mecca Hajj
JEE,Jérémie Airport,Jeremie,HT,M,
JEG,Aasiaat Airport,Aasiaat,GL,M,Mittarfik Aasiaat Aasiaat Lufthavn Egedesminde
JEJ,Jeh Airport,Ailinglapalap Atoll,MH,S,
JER,Jersey Airport,Saint Helier,JE,M,Channel Islands
JFK,John F Kennedy International Airport,New York,US,L,Manhattan New York City NYC Idlewild IDL KIDL
JFR,Paamiut Airport,Paamiut,GL,S,Mittarfik Paamiut Frederikshåb
JGA,Jamnagar Airport,Jamnagar,IN,M,Jamnagar Air Force Station
JGB,Jagdalpur Airport,Jagdalpur,IN,S,
JGD,Daxing'anling Elunchun Airport,Jiagedaqi,CN,M,Jagdaqi Jiagedaqi
JGN,Jiayuguan Airport,Jiayuguan,CN,S,
JGS,Jinggangshan Airport,Ji'an,CN,M,Tiahe Air Base Ji'an Airport
JHB,Senai International Airport,Johor Bahru,MY,M,Sultan Ismail Airport
JHG,Xishuangbanna Gasa International Airport,Jinghong (Gasa),CN,M,Sipsong Panna
JHM,Kapalua Airport,Lahaina,US,M,
JHS,Sisimiut Airport,Sisimiut,GL,M,
JIB,Djibouti-Ambouli Airport,Djibouti City,DJ,L,Camp Lemonnier
JIC,Jinchang Jinchuan Airport,Jinchang,CN,S,
JIJ,Wilwal International Airport,Jijiga,ET,M,Garaad Wiil-Waal
JIK,Ikaria Airport,Ikaria Island,GR,S,
JIM,Jimma Airport,Jimma,ET,M,
JIO,Jos Orno Imsula Airport,Tiakur,ID,S,Moa Island Leti Islands
JIQ,Qianjiang Wulingshan Airport,Qianjiang,CN,M,Zhoubai
JIU,Jiujiang Lushan Airport,Jiujiang,CN,S,Mahuiling Air Base
JJD,Comandante Ariston Pessoa Airport,Cruz,BR,M,SSVV Jericoacoara
JJG,Humberto Ghizzo Bortoluzzi Regional Airport,Jaguaruna,BR,S,Jaguaruna Regional Airport Aeroporto Regional Sul
JJM,Mulika Lodge Airport,Meru-Kinna,KE,S,Meru National Park
JJN,Quanzhou Jinjiang International Airport,Quanzhou,CN,M,Jinjiang Air Base Chin Chiang Qingyang
JKG,Jönköping Airport,Jönköping,SE,M,
JKH,Chios Island National Airport,Chios Island,GR,M,
JKL,Kalymnos Airport,Kalymnos Island,GR,S,Kalimnos Κάλυμνος
JKR,Janakpur Airport,Janakpur,NP,M,
JLG,Jalgaon Airport,Jalgaon,IN,S,VA47
JLN,Joplin Regional Airport,Joplin,US,M,
JLR,Jabalpur Airport,Jabalpur,IN,M,
JMJ,Lancang Jingmai Airport,Pu'er (Lancang),CN,M,
JMK,Mykonos Island National Airport,Mykonos,GR,M,
JMO,Jomsom Airport,Jomsom,NP,S,Jomosom
JMS,Jamestown Regional Airport,Jamestown,US,M,
JMU,Jiamusi Dongjiao Airport,Jiamusi,CN,M,
JNB,O.R. Tambo International Airport,Johannesburg,ZA,L,Johannesburg International Airport FAJS
JNG,Jining Da'an Airport,Jining,CN,M,
JNU,Juneau International Airport,Juneau,US,M,
JNX,Naxos Island National Airport,Naxos,GR,S,Apollon
JNZ,Jinzhou Bay Airport,Jinzhou (Linghai),CN,M,
JOE,Joensuu Airport,Joensuu,FI,M,
JOG,Adisutjipto International Airport,Yogyakarta,ID,M,WIIJ WARJ Adisucupto
JOI,Lauro Carneiro de Loyola Airport,Joinville,BR,M,
JOL,Jolo Airport,,PH,M,
JOS,Yakubu Gowon Airport,Jos,NG,M,
JPA,Presidente Castro Pinto International Airport,João Pessoa,BR,M,
JPE,Nagib Demachki Airport,Paragominas,BR,S,
JPR,Ji-Paraná Airport,Ji-Paraná,BR,S,SWJI
JPY,Paraty Airport,Paraty,BR,S,
JQA,Qaarsut Airport,Uummannaq,GL,S,
JRG,Jharsuguda Airport,,IN,S,
JRH,Jorhat Airport,Jorhat,IN,M,Rowriah Airport Jorhat Air Force Station
JRO,Kilimanjaro International Airport,Arusha,TZ,M,
JSA,Jaisalmer Airport,,IN,M,Jaisalmer Air Force Station
JSH,Sitia Airport,Crete Island,GR,M,
JSI,Skiathos Island National Airport,Skiathos,GR,M,Alexandros Papadiamantis Airport
JSJ,Jiansanjiang Shidi Airport,Jiansanjiang,CN,M,
JSK,Jask Airport,Bandar-e-Jask,IR,S,
JSO,Dr. Luciano de Arruda Coelho Regional Airport,Sobral,BR,M,
JSR,Jessore Airport,Jashore (Jessore),BD,M,
JST,John Murtha Johnstown Cambria County Airport,Johnstown,US,M,
JSU,Maniitsoq Airport,Maniitsoq,GL,S,Mittarfik Maniitsoq Sukkertoppen
JSY,Syros Airport,Syros Island,GR,S,
JTC,Bauru/Arealva–Moussa Nakhal Tobias State Airport,Bauru,BR,M,SJCT
JTR,Santorini Airport,Santorini Island,GR,M,
JTY,Astypalaia Airport,Astypalaia Island,GR,S,
JUB,Juba International Airport,Juba,SS,L,JIA HSSJ
JUH,Chizhou Jiuhuashan Airport,Chizhou,CN,S,
JUI,Juist Airport,Juist,DE,S,
JUJ,Gobernador Horacio Guzman International Airport,San Salvador de Jujuy,AR,M,
JUL,Inca Manco Capac International Airport,Juliaca,PE,M,
JUM,Jumla Airport,Jumla,NP,S,
JUV,Upernavik Airport,Upernavik,GL,S,Mittarfik Upernavik
JUZ,Quzhou Airport,Quzhou,CN,M,
JWA,Jwaneng Airport,Jwaneng,BW,M,
JXA,Jixi Xingkaihu Airport,Jixi,CN,M,
JYV,Jyväskylä Airport,Jyväskylän Maalaiskunta,FI,M,
JZH,Jiuzhai Huanglong Airport,Ngawa (Songpan),CN,M,Aba
KAA,Kasama Airport,Kasama,ZM,S,
KAC,Qamishli Airport,Qamishly,SY,M,مطار القامشلي‎ Kamishly
KAD,Kaduna Airport,Kaduna,NG,M,
KAI,Kaieteur International Airport,Kaieteur Falls,GY,M,
KAJ,Kajaani Airport,Kajaani,FI,M,
KAL,Kaltag Airport,Kaltag,US,S,
KAN,Mallam Aminu International Airport,Kano,NG,M,
KAO,Kuusamo Airport,Kuusamo,FI,M,
KAT,Kaitaia Airport,Awanui,NZ,M,
KAW,Kawthoung Airport,Kawthoung,MM,M,
KAX,Kalbarri Airport,Kalbarri,AU,S,
KBC,Birch Creek Airport,Birch Creek,US,S,
KBL,Kabul International Airport,Kabul,AF,M,Hamid Karzai International Airport Khwaja Rawash Airport
KBP,Boryspil International Airport,Boryspil,UA,L,"Borispol Міжнародний аеропорт ""Бориспіль"" Kyiv"
KBR,Sultan Ismail Petra Airport,Kota Baharu,MY,M,
KBU,Gusti Syamsir Alam Airport,Stagen,ID,S,WRBK Stagen Airport
KBV,Krabi Airport,Krabi,TH,M,
KCA,Kuqa Qiuci Airport,Kuqa,CN,S,Kucha
KCG,Chignik Airport,Chignik,US,S,Z79
KCH,Kuching International Airport,Kuching,MY,M,
KCM,Kahramanmaraş Airport,Kahramanmaraş,TR,M,
KCQ,Chignik Lake Airport,Chignik Lake,US,S,
KCT,Koggala Airport,Galle,LK,M,SLAF Koggala
KCY,Krasnoyarsk Cheremshanka Airport,Krasnoyarsk,RU,M,Аэропорт Черемшанка
KCZ,Kochi Ryoma Airport,Nankoku,JP,M,Kochi Nankoku RJOK KCZ
KDD,Khuzdar Airport,Khuzdar,PK,S,
KDH,Ahmad Shah Baba International Airport / Kandahar Airfield,Khvoshab,AF,M,Kandahar International Airport
KDI,Haluoleo Airport,Kendari,ID,S,WAAU Wolter Monginsidi Airport
KDL,Kärdla Airport,Kärdla,EE,M,
KDM,Kaadedhdhoo Airport,Huvadhu Atoll,MV,M,
KDO,Kadhdhoo Airport,Kadhdhoo,MV,M,
KDR,Kandrian Airport,Kandrian,PG,S,
KDU,Skardu Airport,Skardu,PK,M,
KDV,Vunisea Airport,Vunisea,FJ,S,Kadavu Island
KEB,Nanwalek Airport,Nanwalek,US,S,English Bay
KEF,Keflavik International Airport,Reykjavík,IS,L,Keflavik Naval Air Station REK
KEJ,Kemerovo Airport,Kemerovo,RU,M,
KEM,Kemi-Tornio Airport,Kemi / Tornio,FI,M,
KEP,Nepalgunj Airport,Nepalgunj,NP,M,
KER,Ayatollah Hashemi Rafsanjani International Airport,Kerman,IR,M,
KET,Kengtung Airport,Kengtung,MM,M,
KEW,Keewaywin Airport,Keewaywin,CA,S,
KFG,Kalkgurung Airport,,AU,S,
KFP,False Pass Airport,False Pass,US,S,
KGA,Kananga Airport,Kananga,CD,M,
KGC,Kingscote Airport,,AU,M,
KGD,Khrabrovo Airport,Kaliningrad,RU,M,
KGE,Kaghau Airport,Kagau Island,SB,S,Kagau Island
KGF,Sary-Arka Airport,Karaganda,KZ,M,
KGI,Kalgoorlie Boulder Airport,Broadwood,AU,M,
KGK,Koliganek Airport,Koliganek,US,S,
KGL,Kigali International Airport,Kigali,RW,L,Gregoire Kayibanda International Airport Kanombe International Airport
KGP,Kogalym International Airport,Kogalym,RU,M,
KGS,Kos Airport,Kos Island,GR,M,
KGT,Kangding Airport,Garzê (Kangding),CN,M,
KGX,Grayling Airport,Grayling,US,S,
KHD,Khoram Abad Airport,,IR,M,
KHE,Kherson International Airport,Kherson,UA,M,
KHG,Kashgar Airport,Kashgar,CN,M,Kashi Airport
KHH,Kaohsiung International Airport,Kaohsiung (Xiaogang),TW,L,Siaogang International Airport 高雄國際航空站 小港國際機場
KHI,Jinnah International Airport,Karachi,PK,L,OPQR OPHQ Drigh Road Airstrip Quaid-E-Azam International Airport
KHK,Khark Airport,Khark,IR,M,
KHM,Kanti Airport,Kanti,MM,S,
KHN,Nanchang Changbei International Airport,Nanchang,CN,L,
KHS,Khasab Airport,Khasab,OM,M,
KHV,Khabarovsk Novy Airport,Khabarovsk,RU,M,Аэропорт Хабаровск-Новый
KHZ,Kauehi Airport,Kauehi,PF,S,
KIE,Aropa Airport,Kieta,PG,S,
KIF,Kingfisher Lake Airport,Kingfisher Lake,CA,S,NM5
KIH,Kish International Airport,Kish Island,IR,M,
KIJ,Niigata Airport,Niigata,JP,M,
KIM,Kimberley Airport,Kimberley,ZA,M,
KIO,Kili Airport,Kili Island,MH,S,Q51
KIR,Kerry Airport,Killarney,IE,M,
KIS,Kisumu Airport,Kisumu,KE,M,
KIT,Kithira Airport,Kithira Island,GR,S,
KIX,Kansai International Airport,Osaka,JP,L,OSA
KJA,Krasnoyarsk International Airport,Krasnoyarsk,RU,L,Yemelyanovo
KJB,Kurnool Airport,Orvakal,IN,M,Orvakal
KJH,Kaili Huangping Airport,Kaili  (Huangping),CN,M,
KJI,Burqin Kanas Airport,Burqin,CN,M,
KJT,Kertajati International Airport,Kertajati,ID,M,
KKA,Koyuk Alfred Adams Airport,Koyuk,US,S,
KKC,Khon Kaen Airport,Khon Kaen,TH,M,
KKD,Kokoda Airport,Kokoda,PG,S,
KKE,Kerikeri Airport,Kerikeri,NZ,M,Bay of Islands Airport
KKH,Kongiganak Airport,Kongiganak,US,S,
KKI,Akiachak Airport,Akiachak,US,S,
KKJ,Kitakyushu Airport,Kitakyushu,JP,M,kitakyushu kokuraminami
KKN,"Kirkenes Airport, Høybuktmoen",Kirkenes,NO,M,
KKR,Kaukura Airport,Raitahiti,PF,M,
KKS,Kashan Airport,Kashan,IR,M,
KKW,Kikwit Airport,Kikwit,CD,M,
KKX,Kikai Airport,Kikai,JP,M,
KLG,Kalskag Airport,Kalskag,US,S,
KLH,Kolhapur Airport,Kolhapur,IN,M,
KLN,Larsen Bay Airport,Larsen Bay,US,S,09AK
KLO,Kalibo International Airport,Kalibo,PH,M,
KLP,Seruyan Kuala Pembuang Airport,Seruyan,ID,S,Kota Waringin Timur
KLR,Kalmar Airport,Kalmar,SE,M,
KLU,Klagenfurt Airport,Klagenfurt am Wörthersee,AT,M,Kärnten Airport Christophorus 11
KLV,Karlovy Vary Airport,Karlovy Vary,CZ,M,Karlovy Vary International
KLW,Klawock Airport,Klawock,US,M,9Z1
KLX,Kalamata Airport,Kalamata,GR,M,
KMA,Kerema Airport,Kerema,PG,M,
KMC,King Khaled Military City Airport,King Khaled Military City,SA,M,
KME,Kamembe Airport,Kamembe,RW,M,
KMG,Kunming Changshui International Airport,Kunming,CN,L,
KMI,Miyazaki Airport,Miyazaki,JP,M,
KMJ,Kumamoto Airport,Kumamoto,JP,M,
KMN,Kamina City Airport,Kamina,CD,S,Kamina Ville Airport
KMO,Manokotak Airport,Manokotak,US,S,17Z
KMQ,Komatsu Airport / JASDF Komatsu Air Base,Kanazawa,JP,M,
KMS,Kumasi Airport,Kumasi,GH,M,
KMW,Kostroma Sokerkino Airport,Kostroma,RU,M,Аэропорт Кострома Сокеркино
KND,Kindu Airport,Kindu,CD,M,
KNG,Kaimana Airport,Kaimana,ID,M,
KNH,Kinmen Airport,Shang-I,TW,M,Shang Yi Airport 金門尚義機場 金门尚义机场 Jīnmén Shàngyì jīchǎng
KNK,Kokhanok Airport,Kokhanok,US,S,
KNO,Kualanamu International Airport,Medan,ID,L,
KNQ,Koné Airport,Koné,NC,M,
KNS,King Island Airport,,AU,M,
KNU,Kanpur Airport,Kanpur,IN,M,VECX (IAF Stn) VICX Ganesh Shankar Vidyarthi Airport Chakeri Air Force Station
KNW,New Stuyahok Airport,New Stuyahok,US,S,
KNX,East Kimberley Regional (Kununurra) Airport,Kununurra,AU,M,
KOA,Ellison Onizuka Kona International Airport at Keahole,Kailua-Kona,US,M,
KOC,Koumac Airport,Koumac,NC,S,
KOE,El Tari Airport,Kupang,ID,S,WRKK
KOI,Kirkwall Airport,Orkney Islands,GB,M,
KOJ,Kagoshima Airport,Kagoshima,JP,L,
KOK,Kokkola-Pietarsaari Airport,Kokkola / Kruunupyy,FI,M,Kronoby Airport
KOP,Nakhon Phanom Airport,Nakhon Phanom,TH,M,
KOS,Sihanoukville International Airport,Preah Sihanouk,KH,S,Kompong Som
KOT,Kotlik Airport,Kotlik,US,S,
KOU,Koulamoutou Mabimbi Airport,Koulamoutou,GA,M,Koula Moutou FO23 Koulamouton/Mabimbi
KOV,Kokshetau Airport,Kokshetau,KZ,M,KOKCHETAV TROFIMOVKA
KOW,Ganzhou Huangjin Airport,Ganzhou,CN,S,
KOZ,Ouzinkie Airport,Ouzinkie,US,S,
KPN,Kipnuk Airport,Kipnuk,US,S,
KPO,Pohang Airport (G-815/K-3),Pohang,KR,M,
KPV,Perryville Airport,Perryville,US,S,AK05
KPW,Keperveem Airport,Keperveem,RU,M,Keperveyem Airport Аэропорт Кепервеем
KQA,Akutan Airport,Akutan,US,S,Akun Airport
KQH,Kishangarh Airport Ajmer,Ajmer (Kishangarh),IN,M,
KQR,Karara Airport,Karara,AU,S,
KQT,Qurghonteppa International Airport,Kurgan-Tyube,TJ,M,Kurgan-Tube
KRB,Karumba Airport,,AU,S,
KRC,Departi Parbo Airport,Sungai Penuh,ID,S,WIPH Kerinci
KRE,Kirundo Airport,Kirundo,BI,S,
KRF,Kramfors-Sollefteå Höga Kusten Airport,Nyland,SE,M,
KRI,Kikori Airport,Kikori,PG,S,
KRK,Kraków John Paul II International Airport,Balice,PL,L,Krakov
KRL,Korla Licheng Airport,Korla,CN,M,
KRN,Kiruna Airport,Kiruna,SE,M,
KRO,Kurgan Airport,Kurgan,RU,M,
KRP,Midtjyllands Airport / Air Base Karup,Karup,DK,M,Karup Airport
KRR,Krasnodar Pashkovsky International Airport,Krasnodar,RU,M,Pashkovskiy Airport Pashkovsky Airport
KRS,"Kristiansand Airport, Kjevik",Kjevik,NO,M,
KRT,Khartoum International Airport,Khartoum,SD,L,HSSS
KRW,Turkmenbashi International Airport,Turkmenbashi,TM,M,
KRY,Karamay Airport,Karamay,CN,S,
KRZ,Kiri Airport,Kiri,CD,S,Basango Moliasa Airport
KSA,Kosrae International Airport,Okat,FM,M,Caroline Islands Airport
KSC,Košice International Airport,Košice,SK,M,
KSD,Karlstad Airport,Karlstad,SE,M,
KSF,Kassel Airport,Calden,DE,M,Kassel-Calden
KSH,Shahid Ashrafi Esfahani Airport,Kermanshah,IR,M,
KSJ,Kasos Airport,Kasos Island,GR,S,
KSL,Kassala Airport,Kassala,SD,M,
KSM,St Mary's Airport,St Mary's,US,S,
KSN,Kostanay West Airport,Kostanay,KZ,M,
KSO,Kastoria National Airport Aristotle,Argos Orestiko,GR,S,Aristotelis Airport
KSQ,Karshi Airport,Karshi,UZ,S,Qarshi Airport
KSR,Selayar - Haji Aroeppala Airport,Benteng,ID,S,Haji Aroeppala Lagaligo Airport
KSU,"Kristiansund Airport, Kvernberget",Kvernberget,NO,M,Kristiansund lufthavn Kvernberget
KSY,Kars Airport,Kars,TR,M,
KSZ,Kotlas Airport,Kotlas,RU,M,Аэропорт Котлас
KTA,Karratha Airport,Karratha,AU,M,
KTD,Kitadaito Airport,Kitadaitōjima,JP,M,
KTG,Rahadi Osman Airport,Ketapang,ID,M,Ketapang Rahadi Usman
KTM,Tribhuvan International Airport,Kathmandu,NP,L,gaucharan
KTN,Ketchikan International Airport,Ketchikan,US,M,
KTP,Tinson Pen Airport,Tinson Pen,JM,M,
KTS,Brevig Mission Airport,Brevig Mission,US,S,
KTT,Kittilä Airport,Kittilä,FI,M,
KTW,Katowice Wojciech Korfanty International Airport,Ożarowice,PL,M,Pyrzowice Dąbrowa Górnicza Katowice Silesia GOP Silesia Metropolis Gliwice Piekary Śląskie Bytom Zabrze Sosnowiec
KUA,Kuantan Airport,Kuantan,MY,M,
KUD,Kudat Airport,Kudat,MY,S,
KUF,Kurumoch International Airport,Samara,RU,L,
KUG,Kubin Island Airport,Kubin Island,AU,S,
KUH,Kushiro Airport,Kushiro,JP,M,
KUK,Kasigluk Airport,Kasigluk,US,S,
KUL,Kuala Lumpur International Airport,Sepang,MY,L,KLIA
KUM,Yakushima Airport,Yakushima,JP,M,
KUN,Kaunas International Airport,Kaunas,LT,M,Kauno tarptautinis Oro Uostas
KUO,Kuopio Airport,Kuopio / Siilinjärvi,FI,M,
KUS,Kulusuk Airport,Kulusuk,GL,M,Kap Dan BGKD
KUT,David the Builder Kutaisi International Airport,Kopitnari,GE,M,Kopitnari
KUV,Gunsan Airport / Gunsan Air Base,Gunsan,KR,M,Kunsan
KVA,Kavala Alexander the Great International Airport,Kavala,GR,M,Megas Alexandros
KVC,King Cove Airport,King Cove,US,S,
KVG,Kavieng Airport,Kavieng,PG,M,
KVL,Kivalina Airport,Kivalina,US,S,
KVM,Markovo Airport,Markovo,RU,S,Аэропорт Марково
KVO,Morava Airport,Kraljevo,RS,M,Lađevci Airport
KVX,Pobedilovo Airport,Kirov,RU,M,Аэропорт Победилово
KWA,Bucholz Army Air Field,Kwajalein,MH,M,
KWB,Dewadaru Airport,Karimunjawa,ID,S,Karimun Jawa Karimun Java
KWE,Guiyang Longdongbao International Airport,Guiyang (Nanming),CN,L,Kaiyang Guiyang Air Base Guiyang Air Base
KWG,Kryvyi Rih International Airport,Kryvyi Rih,UA,M,"Lozuvatka International Airport Міжнародний аеропорт ""Кривий Ріг"""
KWI,Kuwait International Airport,Kuwait City,KW,L,OKBK Al Mubarak Air Base
KWJ,Gwangju Airport,Gwangju,KR,M,
KWK,Kwigillingok Airport,Kwigillingok,US,S,A85
KWL,Guilin Liangjiang International Airport,Guilin (Lingui),CN,L,
KWM,Kowanyama Airport,Kowanyama,AU,M,
KWN,Quinhagak Airport,Quinhagak,US,S,
KWT,Kwethluk Airport,Kwethluk,US,S,
KWZ,Kolwezi Airport,Kolwezi,CD,M,
KXB,Sangia Nibandera Airport,Kolaka,ID,M,Kolaka Sangia Nibandera Southeast Sulawesi
KXF,Koro Island Airport,Koro Island,FJ,S,
KXK,Komsomolsk-on-Amur Airport,Komsomolsk-on-Amur,RU,M,Komsomolsk-na-Amure Airport Khurba Airport Аэропорт Комсомольск-на-Амуре Аэропорт Хурба
KXO,Kisoro Airport,Kisoro,UG,S,
KYA,Konya Airport,Konya,TR,M,
KYD,Lanyu Airport,Orchid Island,TW,M,Lanyu Auxiliary Station
KYK,Karluk Airport,Karluk,US,S,
KYP,Kyaukpyu Airport,Kyaukpyu,MM,M,
KYS,Kayes Dag Dag Airport,,ML,M,
KYU,Koyukuk Airport,Koyukuk,US,S,
KYZ,Kyzyl Airport,Kyzyl,RU,M,
KZI,Kozani National Airport Filippos,Kozani,GR,M,
KZN,Kazan International Airport,Kazan,RU,L,
KZO,Kyzylorda Airport,Kyzylorda,KZ,S,Kyzylorda Southwest
KZR,Zafer Airport,Altıntaş,TR,S,
KZS,Kastelorizo Airport,Kastelorizo Island,GR,S,
LAD,Quatro de Fevereiro International Airport,Luanda,AO,L,4 de Fevereiro
LAE,Nadzab Airport,Lae,PG,M,MFO
LAF,Purdue University Airport,West Lafayette,US,M,
LAJ,Lages Airport,Lages,BR,M,Antônio Correia Pinto de Macedo Airport Guarujá Federal Airport
LAK,Aklavik/Freddie Carmichael Airport,Aklavik,CA,S,YKD
LAL,Lakeland Linder International Airport,Lakeland,US,M,
LAN,Capital City Airport,Lansing,US,M,
LAO,Laoag International Airport,Laoag City,PH,M,Gabu Airfield Laoag Airfield
LAP,Manuel Márquez de León International Airport,La Paz,MX,M,
LAQ,Al Abraq International Airport,Al Albraq,LY,M,Al Bayda Beida
LAR,Laramie Regional Airport,Laramie,US,M,
LAS,Harry Reid International Airport,Las Vegas,US,L,McCarran International Airport
LAU,Manda Airport,Lamu,KE,M,
LAW,Lawton Fort Sill Regional Airport,Lawton,US,M,
LAX,Los Angeles International Airport,Los Angeles,US,L,Tom Bradley
LBA,Leeds Bradford Airport,"Leeds, West Yorkshire",GB,M,
LBB,Lubbock Preston Smith International Airport,Lubbock,US,M,
LBC,Lübeck Blankensee Airport,Lübeck,DE,M,
LBD,Khujand Airport,Khujand,TJ,M,Khodjend Khodzhent Leninabad Khudzhand
LBE,Arnold Palmer Regional Airport,Latrobe,US,M,
LBF,North Platte Regional Airport Lee Bird Field,North Platte,US,M,
LBJ,Komodo Airport,Labuan Bajo,ID,S,Komodo Labuan Bajo International Airport Mutiara II Airport WRKO
LBL,Liberal Mid-America Regional Airport,Liberal,US,M,
LBP,Long Banga Airport,Long Banga,MY,S,
LBR,Lábrea Airport,Lábrea,BR,S,
LBS,Labasa Airport,Labasa,FJ,M,
LBU,Labuan Airport,Labuan,MY,M,
LBV,Libreville Leon M'ba International Airport,Libreville,GA,M,
LBW,Yuvai Semaring Airport,Long Bawan,ID,S,WRLB Juvai Semaring Airport Yuvai Semaring Long Bawang
LCA,Larnaca International Airport,Larnaca,CY,L,Διεθνές Aεροδρόμιο Λάρνακας
LCB,André Antônio Maggi Airport,Pontes e Lacerda,BR,S,União do Vale Airport
LCE,Goloson International Airport,La Ceiba,HN,M,Hector C Moncada Air Base
LCG,A Coruña Airport,Culleredo,ES,M,The Groyne La Coruña
LCH,Lake Charles Regional Airport,Lake Charles,US,M,
LCJ,Łódź Władysław Reymont Airport,Łódź,PL,M,Lublinek
LCK,Rickenbacker International Airport,Columbus,US,M,Lockbourne Army Air Field
LCR,Virgilio Barco Vargas (La Chorrera) Airport,La Chorrera,CO,S,
LCX,Longyan Guanzhishan Airport,Longyan,CN,M,ZBSZ Liancheng Air Base
LCY,London City Airport,London,GB,M,LON
LDB,Governador José Richa Airport,Londrina,BR,M,Londrina Airport
LDE,Tarbes-Lourdes-Pyrénées Airport,Tarbes/Lourdes/Pyrénées,FR,M,
LDG,Leshukonskoye Airport,Leshukonskoye,RU,S,Leshukonskoe Airport Аэропорт Лешуконское
LDH,Lord Howe Island Airport,Lord Howe Island,AU,S,
LDS,Yichun Lindu Airport,Yichun,CN,M,Yichun Shi Airport
LDU,Lahad Datu Airport,Lahad Datu,MY,M,
LDX,Saint-Laurent-du-Maroni Airport,Saint-Laurent-du-Maroni,GF,S,
LDY,City of Derry Airport,Derry,GB,M,Londonderry Eglinton Airport
LEA,Learmonth Airport,Exmouth,AU,M,RAAF Learmonth
LEB,Lebanon Municipal Airport,Lebanon,US,M,
LEC,Coronel Horácio de Mattos Airport,Lençóis,BR,S,Chapada Diamantina National Park Lençóis Airport
LED,Pulkovo Airport,St. Petersburg,RU,L,Аэропо́рт Пу́лково Leningrad Shosseynaya Airport Saint Petersburg Petrograd
LEI,Almería Airport,Almería,ES,M,
LEJ,Leipzig/Halle Airport,Schkeuditz,DE,L,Schkeuditz Airport
LEL,Lake Evella Airport,,AU,S,
LEN,León Airport,León,ES,M,
LEQ,Land's End Airport,"Land's End, Cornwall",GB,S,St. Just Airport
LER,Leinster Airport,,AU,M,
LET,Alfredo Vásquez Cobo International Airport,Leticia,CO,M,
LEU,Pirineus - la Seu d'Urgel Airport,La Seu d'Urgell Pyrenees and Andorra,ES,S,Montferrer Castellbò
LEV,Levuka Airfield,Bureta,FJ,S,
LEX,Blue Grass Airport,Lexington,US,M,
LFM,Lamerd Airport,Lamerd,IR,M,
LFQ,Linfen Yaodu Airport,Linfen (Yaodu),CN,M,
LFT,Lafayette Regional Airport,Lafayette,US,M,
LFW,Lomé–Tokoin International Airport,Lomé,TG,M,Gnassingbe Eyadema International Airport
LGA,LaGuardia Airport,New York,US,L,Manhattan New York City NYC Glenn H. Curtiss Airport North Beach Airport La Guardia
LGB,Long Beach Airport (Daugherty Field),Long Beach,US,M,Daugherty Field
LGG,Liège Airport,Grâce-Hollogne,BE,M,Bierset
LGI,Deadman's Cay Airport,Deadman's Cay,BS,M,
LGK,Langkawi International Airport,Langkawi,MY,M,
LGL,Long Lellang Airport,Long Datih,MY,S,
LGW,London Gatwick Airport,"London/Gatwick, West Sussex",GB,L,LON Crawley Charlwood
LGZ,Shannan Longzi Airport,Shannan,CN,S,
LHE,Allama Iqbal International Airport,Lahore,PK,L,OPLR
LHG,Lightning Ridge Airport,,AU,M,
LHR,London Heathrow Airport,London,GB,L,LON Londres
LHS,Las Heras Airport,Las Heras,AR,M,
LHW,Lanzhou Zhongchuan International Airport,Lanzhou (Yongdeng),CN,L,ZGC Datong Air Base 兰州中川国际机场
LIF,Lifou Airport,Lifou,NC,M,
LIG,Limoges Airport,Limoges/Bellegarde,FR,M,
LIH,Lihue Airport,Lihue,US,M,
LIK,Likiep Airport,Likiep Island,MH,S,
LIL,Lille Airport,Lesquin,FR,M,Aéroport de Lille. Lille-Lesquin Airport
LIM,Jorge Chávez International Airport,Lima,PE,L,SPIM SPJC
LIN,Milano Linate Airport,Segrate (MI),IT,M,E Forlanini
LIO,Limon International Airport,Puerto Limon,CR,M,
LIR,Guanacaste Airport,Liberia,CR,L,Daniel Oduber Quiros International Liberia International
LIS,Humberto Delgado Airport (Lisbon Portela Airport),Lisbon,PT,L,Lisboa
LIT,Bill & Hillary Clinton National Airport/Adams Field,Little Rock,US,M,
LIW,Loikaw Airport,Loikaw,MM,M,
LJA,Lodja Airport,Lodja,CD,S,
LJG,Lijiang Sanyi International Airport,Lijiang (Gucheng),CN,M,Yunlong Air Base
LJU,Ljubljana Jože Pučnik Airport,Zgornji Brnik,SI,L,Ljubljana Kranj
LKA,Larantuka Gewayentana Airport,Tiwatobi,ID,S,WATL
LKB,Lakeba Island Airport,Lakeba Island,FJ,S,
LKI,Lasikin Airport,Lubang,ID,S,WITG
LKL,"Lakselv Airport, Banak",Lakselv,NO,M,North Cape Airport
LKM,Bolaang Mongondow Airport,Lolak,ID,S,
LKN,Leknes Airport,Leknes,NO,M,Leknes lufthavn
LKO,Chaudhary Charan Singh International Airport,Lucknow,IN,M,Amausi International Airport
LLA,Luleå Airport,Luleå,SE,M,Kallax Air Base
LLB,Libo Airport,Qiannan (Libo),CN,S,
LLC,Cagayan North International Airport,Lal-lo,PH,M,Northern Cagayan Lal-lo
LLF,Yongzhou Lingling Airport,Yongzhou,CN,M,
LLK,Lankaran International Airport,Lankaran,AZ,S,UB10 Lenkoran
LLO,Bua - Palopo Lagaligo Airport,Palopo,ID,S,Palopo Lagaligo
LLV,Lüliang Dawu Airport,Lüliang,CN,M,
LLW,Lilongwe International Airport,Lilongwe,MW,M,FWLI Kamuzu International Airport
LMA,Minchumina Airport,Minchumina,US,S,
LMC,La Macarena Airport,La Macarena,CO,S,Aeropuerto Javier Noreña Valencia
LME,Le Mans-Arnage Airport,"Le Mans, Sarthe",FR,M,
LMM,Valle del Fuerte International Airport,Los Mochis,MX,M,
LMN,Limbang Airport,Limbang,MY,M,
LMP,Lampedusa Airport,Lampedusa,IT,M,
LMY,Lake Murray Airport,Lake Murray,PG,S,
LNB,Lamen Bay Airport,Lamen Bay,VU,S,
LNE,Lonorore Airport,Lonorore,VU,S,Pentecost Island
LNJ,Lincang Boshang Airport,Lincang,CN,M,Lintsang Airfield
LNK,Lincoln Airport,Lincoln,US,M,Lincoln Army Air Field Lincoln Air Force Base 155th Air Refueling Wing
LNL,Longnan Chengzhou Airport,Longnan (Cheng),CN,M,
LNO,Leonora Airport,Leonora,AU,M,
LNS,Lancaster Airport,Lancaster,US,M,
LNU,Robert Atty Bessing,Malinau,ID,S,WRLM WALM
LNV,Londolovit Airport,Londolovit,PG,S,Lihir Island Kunaye
LNY,Lanai Airport,Lanai City,US,M,
LNZ,Linz-Hörsching Airport / Vogler Air Base,Linz,AT,M,Blue Danube Airport Vogler Air Base Fliegerhorst Vogler Christophorus 10
LOD,Longana Airport,Longana,VU,S,
LOE,Loei Airport,,TH,M,
LOH,Ciudad de Catamayo Airport,La Toma (Catamayo),EC,S,SETM Camilo Ponce Enriquez
LOP,Lombok International Airport,Mataram,ID,M,Bandara Udara Internasional Lombok
LOS,Murtala Muhammed International Airport,Lagos,NG,L,
LPA,Gran Canaria Airport,Gran Canaria Island,ES,L,Canary Islands Las Palmas Airport Gando Airport
LPB,El Alto International Airport,La Paz / El Alto,BO,M,
LPD,La Pedrera Airport,La Pedrera,CO,S,
LPF,Liupanshui Yuezhao Airport,Liupanshui (Zhongshan),CN,M,
LPI,Linköping City Airport,Linköping,SE,M,
LPK,Lipetsk Airport,Lipetsk,RU,M,
LPL,Liverpool John Lennon Airport,Liverpool,GB,M,
LPM,Lamap Airport,Lamap,VU,S,Malekoula Airport
LPP,Lappeenranta Airport,Lappeenranta,FI,M,
LPQ,Luang Phabang International Airport,Luang Phabang,LA,M,
LPS,Lopez Island Airport,Lopez,US,S,
LPT,Lampang Airport,,TH,M,
LPU,Long Apung Airport,Long Apung-Borneo Island,ID,S,
LPY,Le Puy-Loudes Airfield,"Chaspuzac, Haute-Loire",FR,M,
LQM,Caucaya Airport,Puerto Leguízamo,CO,S,
LRD,Laredo International Airport,Laredo,US,M,
LRE,Longreach Airport,Longreach,AU,M,
LRH,La Rochelle-Île de Ré Airport,La Rochelle/Île de Ré,FR,M,Laleu Airport
LRM,Casa De Campo International Airport,La Romana,DO,L,
LRR,Lar Airport,Lar,IR,M,
LRS,Leros Airport,Leros Island,GR,S,
LRT,Lorient South Brittany (Bretagne Sud) Airport,Lorient/Lann/Bihoué,FR,M,
LRU,Las Cruces International Airport,Las Cruces,US,M,
LRV,Los Roques Airport,Gran Roque Island,VE,S,
LSA,Losuia Airport,Losuia,PG,S,Formerly Kiriwina Airport
LSC,La Florida Airport,La Serena-Coquimbo,CL,M,COW
LSE,La Crosse Regional Airport,La Crosse,US,M,airport regional
LSH,Lashio Airport,Lashio,MM,M,
LSI,Sumburgh Airport,Lerwick,GB,M,Shetlands
LSP,Josefa Camejo International Airport,Paraguaná,VE,M,
LSR,Alas Leuser Airport,Kutacane,ID,M,
LST,Launceston Airport,Launceston,AU,M,
LSW,Malikus Saleh Airport,Lhok Seumawe-Sumatra Island,ID,S,WITM
LSY,Lismore Airport,Lismore,AU,M,
LTD,Ghadames East Airport,Ghadames,LY,M,
LTI,Altai Airport,Altai,MN,M,
LTM,Lethem Airport,Lethem,GY,M,
LTN,London Luton Airport,"Luton, Bedfordshire",GB,L,LON
LTO,Loreto International Airport,Loreto,MX,M,
LTU,Murod Kond Airport,Latur,IN,M,
LTX,Cotopaxi International Airport,Latacunga,EC,M,Latacunga Vulcano Ecuador Cargo Long runway Height
LUA,Lukla Airport,Lukla,NP,S,Mount Everest Tenzing Norgay Sir Edmund Hillary
LUD,Luderitz Airport,Luderitz,NA,M,
LUG,Lugano Airport,Agno,CH,M,
LUK,Cincinnati Municipal Airport Lunken Field,Cincinnati,US,M,
LUM,Dehong Mangshi Airport,Dehong (Mangshi),CN,M,
LUN,Kenneth Kaunda International Airport,Lusaka,ZM,L,
LUP,Kalaupapa Airport,Kalaupapa,US,S,
LUQ,Brigadier Mayor D Cesar Raul Ojeda Airport,San Luis,AR,M,
LUR,Cape Lisburne LRRS Airport,Cape Lisburne,US,M,
LUV,Karel Sadsuitubun Airport,Langgur,ID,M,Tual Baru
LUX,Luxembourg-Findel International Airport,Luxembourg,LU,L,
LUZ,Lublin Airport,Lublin,PL,M,
LVI,Harry Mwanga Nkumbula International Airport,Livingstone,ZM,M,FLLI
LVO,Laverton Airport,Laverton,AU,S,
LWB,Greenbrier Valley Airport,Lewisburg,US,M,
LWK,Lerwick / Tingwall Airport,Lerwick,GB,S,
LWN,Shirak International Airport,Gyumri,AM,M,UGEL
LWO,Lviv International Airport,Lviv,UA,L,"Міжнародний аеропорт ""Львів"""
LWS,Lewiston Nez Perce County Airport,Lewiston,US,M,
LWY,Lawas Airport,Lawas,MY,S,
LXA,Lhasa Gonggar Airport,Shannan (Gonggar),CN,M,
LXG,Luang Namtha Airport,Luang Namtha,LA,S,
LXR,Luxor International Airport,Luxor,EG,M,
LXS,Limnos Airport,Limnos Island,GR,S,
LYA,Luoyang Beijiao Airport,Luoyang (Laocheng),CN,M,
LYC,Lycksele Airport,Lycksele,SE,M,
LYG,Lianyungang Huaguoshan International Airport,Lianyungang,CN,M,
LYH,Lynchburg Regional Airport - Preston Glenn Field,Lynchburg,US,M,
LYI,Linyi Qiyang Airport,Linyi (Hedong),CN,M,
LYP,Faisalabad International Airport,Faisalabad,PK,M,OPLF
LYR,"Svalbard Airport, Longyear",Longyearbyen,NO,M,
LYS,Lyon Saint-Exupéry Airport,"Colombier-Saugnieu, Rhône",FR,L,Lyon Saint-Exupéry Satolas
LZG,Langzhong Gucheng Airport,Nanchong (Langzhong),CN,M,
LZH,Liuzhou Bailian Airport / Bailian Air Base,Liuzhou (Liujiang),CN,M,Liujiang-Liuzhou Air Base
LZN,Matsu Nangan Airport,Matsu (Nangan),TW,M,Matsu Islands
LZO,Luzhou Yunlong Airport,Luzhou (Yunlong),CN,M,
LZY,Nyingchi Mainling Airport,Nyingchi (Mainling),CN,M,Linzhi Kang Ko
MAA,Chennai International Airport,Chennai,IN,L,Madras
MAB,João Correa da Rocha Airport,Marabá,BR,M,Marabá Airport
MAD,Adolfo Suárez Madrid–Barajas Airport,Madrid,ES,L,Leganés Madrid Barajas International Airport
MAF,Midland International Air and Space Port,Midland,US,M,
MAG,Madang Airport,Madang,PG,M,
MAH,Menorca Airport,Mahón (Maó),ES,M,
MAJ,Marshall Islands International Airport,Majuro Atoll,MH,M,
MAK,Malakal Airport,Malakal,SS,M,HSSM
MAM,General Servando Canales International Airport,Matamoros,MX,M,
MAN,Manchester Airport,"Manchester, Greater Manchester",GB,L,Ringway Airport RAF Ringway
MAO,Eduardo Gomes International Airport,Manaus,BR,L,
MAQ,Mae Sot Airport,,TH,M,
MAR,La Chinita International Airport,Maracaibo,VE,M,
MAS,Momote Airport,Manus Island,PG,M,
MAU,Maupiti Airport,,PF,M,
MAX,Ouro Sogui Airport,Ouro Sogui,SN,M,
MAZ,Eugenio Maria De Hostos Airport,Mayaguez,PR,M,
MBA,Moi International Airport,Mombasa,KE,L,Mombasa Port Reitz
MBD,Mmabatho International Airport,Mafeking,ZA,M,Mafikeng
MBE,Monbetsu Airport,Monbetsu,JP,M,
MBI,Songwe Airport,Mbeya,TZ,M,
MBJ,Sangster International Airport,Montego Bay,JM,M,
MBL,Manistee County Blacker Airport,Manistee,US,S,
MBS,MBS International Airport,Saginaw,US,M,Tri City Airport Midland Bay City
MBT,Moises R. Espinosa Airport,Masbate,PH,M,Masbate Moises R. Espinoza
MBU,Babanakira Airport,Mbambanakira,SB,S,Mbambanakira Airport
MBW,Melbourne Moorabbin Airport,Melbourne,AU,M,
MCE,Merced Regional Macready Field,Merced,US,M,
MCG,McGrath Airport,McGrath,US,M,
MCI,Kansas City International Airport,Kansas City,US,L,
MCK,McCook Ben Nelson Regional Airport,McCook,US,M,
MCN,Middle Georgia Regional Airport,Macon,US,M,
MCO,Orlando International Airport,Orlando,US,L,Disney World Epcot Center
MCP,Macapá - Alberto Alcolumbre International Airport,Macapá,BR,M,
MCT,Muscat International Airport,Muscat,OM,L,Seeb International Airport Masqat
MCV,McArthur River Mine Airport,McArthur River Mine,AU,S,
MCW,Mason City Municipal Airport,Mason City,US,M,
MCX,Makhachkala Uytash International Airport,Makhachkala,RU,M,
MCY,Sunshine Coast Airport,Maroochydore,AU,M,YBMC
MCZ,Zumbi dos Palmares Airport,Maceió,BR,M,
MDC,Sam Ratulangi Airport,Manado,ID,M,
MDE,Jose Maria Córdova International Airport,Medellín,CO,M,
MDG,Mudanjiang Hailang International Airport,Mudanjiang,CN,M,Mudanjiang
MDI,Makurdi Airport,Makurdi,NG,M,
MDK,Mbandaka Airport,Mbandaka,CD,M,
MDL,Mandalay International Airport,Mandalay,MM,L,
MDQ,Ástor Piazzola International Airport,Mar del Plata,AR,M,Brigadier General Bartolome De La Colina International Airport
MDT,Harrisburg International Airport,Harrisburg,US,M,Harrisburg Lancaster York HIA Middletown
MDU,Mendi Airport,Mendi,PG,M,
MDW,Chicago Midway International Airport,Chicago,US,L,CHI
MDZ,El Plumerillo Airport,Mendoza,AR,M,
MEB,Melbourne Essendon Airport,Essendon Fields,AU,M,
MEC,Eloy Alfaro International Airport,Manta,EC,M,
MED,Prince Mohammad Bin Abdulaziz Airport,Medina,SA,L,Medinah
MEE,Maré Airport,Maré,NC,M,
MEG,Malanje Airport,Malanje,AO,M,
MEH,Mehamn Airport,Mehamn,NO,M,
MEI,Key Field / Meridian Regional Airport,Meridian,US,M,
MEL,Melbourne International Airport,Melbourne,AU,L,
MEM,Memphis International Airport,Memphis,US,L,
MEQ,Cut Nyak Dhien Airport,Kuala Pesisir,ID,M,
MEX,Benito Juárez International Airport,Ciudad de México,MX,L,AICM
MFA,Mafia Airport,Kilindoni,TZ,S,
MFE,McAllen Miller International Airport,McAllen,US,M,
MFJ,Moala Airport,Moala,FJ,S,
MFK,Matsu Beigan Airport,Matsu (Beigan),TW,M,Matsu Islands
MFM,Macau International Airport,Nossa Senhora do Carmo,MO,L,澳門國際機場
MFR,Rogue Valley International Medford Airport,Medford,US,M,
MFU,Mfuwe Airport,Mfuwe,ZM,M,
MGA,Augusto C. Sandino (Managua) International Airport,Managua,NI,M,
MGB,Mount Gambier Airport,Mount Gambier,AU,M,
MGF,Regional de Maringá - Sílvio Name Júnior Airport,Maringá,BR,M,SBMH.
MGH,Margate Airport,Margate,ZA,M,
MGM,Montgomery Regional (Dannelly Field) Airport,Montgomery,US,M,
MGQ,Aden Adde International Airport,Mogadishu,SO,M,HCCM
MGT,Milingimbi Airport,Milingimbi Island,AU,S,
MGW,Morgantown Municipal Airport Walter L. (Bill) Hart Field,Morgantown,US,M,
MGZ,Myeik Airport,Mkeik,MM,M,
MHC,Mocopulli Airport,Dalcahue,CL,S,
MHD,Mashhad International Airport,Mashhad,IR,L,Shahid Hashemi Nejad Airport
MHG,Mannheim-City Airport,Mannheim,DE,M,Mannheim
MHH,Leonard M Thompson International Airport,Marsh Harbour,BS,M,Marsh Harbour International
MHK,Manhattan Regional Airport,Manhattan,US,M,
MHM,Manaoba Airport,Manaoba,SB,S,
MHQ,Mariehamn Airport,Mariehamn,FI,M,
MHU,Mount Hotham Airport,Mount Hotham,AU,M,
MHX,Manihiki Island Airport,Manihiki Island,CK,S,Humphrey Island
MIA,Miami International Airport,Miami,US,L,MFW South Florida
MID,Manuel Crescencio Rejón International Airport,Mérida,MX,L,
MIG,Mianyang Nanjiao Airport,Mianyang (Fucheng),CN,M,
MII,Frank Miloye Milenkowichi–Marília State Airport,Marília,BR,M,Marília Airport
MIJ,Mili Island Airport,Mili Island,MH,S,
MIM,Merimbula Airport,Merimbula,AU,M,
MIR,Monastir Habib Bourguiba International Airport,Monastir,TN,M,
MIS,Misima Island Airport,Misima Island,PG,S,
MIU,Maiduguri International Airport,Maiduguri,NG,M,
MJE,Majkin Airport,Majkin,MH,S,
MJF,"Mosjøen Airport, Kjærstad",Mosjøen,NO,M,
MJI,Mitiga International Airport,Tripoli,LY,L,Mellaha Army Airfield Okba Ben Nafi Air Base Wheelus Air Force Base
MJK,Shark Bay Airport,Denham,AU,M,Monkey Mia Airport
MJM,Mbuji Mayi Airport,Mbuji Mayi,CD,M,
MJN,Amborovy Airport,Mahajanga,MG,M,Philibert Tsiranana Airport Mahajanga
MJT,Mytilene International Airport,Mytilene,GR,M,
MJY,Motygino Airport,Motygino,RU,S,УНИМ Мотыгино МТГ
MJZ,Mirny Airport,Mirny,RU,M,
MKE,General Mitchell International Airport,Milwaukee,US,L,
MKG,Muskegon County Airport,Muskegon,US,M,
MKK,Molokai Airport,Kaunakakai,US,M,
MKL,McKellar-Sipes Regional Airport,Jackson,US,M,
MKM,Mukah Airport,Mukah,MY,M,
MKP,Makemo Airport,Makemo,PF,M,
MKQ,Mopah International Airport,Merauke,ID,M,
MKR,Meekatharra Airport,,AU,M,
MKU,Makokou Airport,Makokou,GA,M,
MKW,Rendani Airport,Manokwari,ID,M,
MKY,Mackay Airport,Mackay,AU,M,
MLA,Malta International Airport,Valletta,MT,L,Luqa Airport Valletta Gudja RAF Luqa
MLB,Melbourne Orlando International Airport,Melbourne,US,M,
MLE,Malé International Airport,Malé,MV,L,
MLG,Abdul Rachman Saleh Airport,Malang,ID,M,WIAS Malang Singosari
MLI,Quad City International Airport,Moline,US,M,
MLL,Marshall Don Hunter Sr Airport,Marshall,US,S,3A5
MLM,General Francisco J. Mujica International Airport,Morelia,MX,M,
MLN,Melilla Airport,Melilla,ES,M,
MLO,Milos Airport,Milos Island,GR,S,
MLU,Monroe Regional Airport,Monroe,US,M,
MLW,Spriggs Payne Airport,Monrovia,LR,M,
MLX,Malatya Erhaç Airport,Malatya,TR,M,
MLY,Manley Hot Springs Airport,Manley Hot Springs,US,S,
MMB,Memanbetsu Airport,Ōzora,JP,M,
MMD,Minamidaito Airport,Minamidaito,JP,M,
MME,Teesside International Airport,"Darlington, Durham",GB,M,Durham Tees Valley Airport RAF Middleton St George Tees-Side
MMG,Mount Magnet Airport,,AU,M,
MMH,Mammoth Yosemite Airport,Mammoth Lakes,US,S,
MMJ,Shinshu-Matsumoto Airport,Matsumoto,JP,M,
MMK,Murmansk Airport,Murmansk,RU,M,
MMO,Maio Airport,Vila do Maio,CV,M,Maio Island
MMX,Malmö Sturup Airport,Malmö,SE,M,
MMY,Miyako Airport,Miyako City,JP,M,
MMZ,Maymana Zahiraddin Faryabi Airport,Maymana,AF,M,Maimana
MNF,Mana Island Airport,Mana Island,FJ,S,
MNG,Maningrida Airport,Maningrida,AU,M,
MNI,John A. Osborne Airport,Gerald's Park,MS,M,Gerald's Airport Brades
MNJ,Mananjary Airport,Mananjary,MG,M,
MNL,Ninoy Aquino International Airport,Manila (Pasay),PH,L,Manila International Airport Jesus Villamor Air Base
MNT,Minto Al Wright Airport,Minto,US,S,
MNU,Mawlamyine Airport,Mawlamyine,MM,S,
MNX,Manicoré Airport,Manicoré,BR,M,
MNY,Mono Airport,Stirling Island,SB,S,
MOB,Mobile Regional Airport,Mobile,US,M,
MOC,Mário Ribeiro Airport,Montes Claros,BR,M,Montes Claros Airport
MOF,Frans Xavier Seda Airport,Waioti,ID,S,WRKC Fransiskus Xavierius Seda Maumere Wai Oti
MOG,Mong Hsat Airport,Mong Hsat,MM,M,Monghsat Airport
MOH,Maleo Airport,Morowali,ID,S,
MOI,Mitiaro Island Airport,Mitiaro Island,CK,S,Nukuroa Airport
MOJ,Moengo Airstrip,Moengo,SR,S,
MOL,"Molde Airport, Årø",Årø,NO,M,Aro
MOQ,Morondava Airport,Morondava,MG,M,
MOT,Minot International Airport,Minot,US,M,
MOU,Mountain Village Airport,Mountain Village,US,S,
MOV,Moranbah Airport,Moranbah,AU,M,
MOZ,Moorea Temae Airport,Moorea-Maiao,PF,M,Temae Airport Moorea Temae Airport
MPA,Katima Mulilo Airport,Mpacha,NA,M,FYMP
MPC,Muko Muko Airport,Muko Muko,ID,S,WIPU Mukomuko Muko-Muko
MPH,Godofredo P. Ramos Airport,Caticlan,PH,M,Godofredo P. Ramos Airport
MPL,Montpellier-Méditerranée Airport,Montpellier/Méditerranée,FR,M,
MPM,Maputo Airport,Maputo,MZ,L,
MPN,Mount Pleasant Airport,Mount Pleasant,FK,M,RAF Mount Pleasant
MPW,Mariupol International Airport,Mariupol,UA,M,"Міжнародний аеропорт ""Маріуполь"""
MQC,Miquelon Airport,Miquelon,PM,S,
MQF,Magnitogorsk International Airport,Magnitogorsk,RU,M,
MQJ,Moma Airport,Khonuu,RU,M,Аэропорт Мома
MQL,Mildura Airport,Mildura,AU,M,
MQM,Mardin Airport,Mardin,TR,M,
MQN,"Mo i Rana Airport, Røssvoll",Mo i Rana,NO,M,
MQP,Kruger Mpumalanga International Airport,Mpumalanga,ZA,M,
MQS,Mustique Airport,Mustique Island,VC,M,
MQT,Marquette/Sawyer International Airport,Gwinn,US,M,
MQX,Alula Aba Nega Airport,Mekelle,ET,M,
MRA,Misrata International Airport,Misrata,LY,S,Misratah Misurata
MRD,Alberto Carnevalli Airport,Mérida,VE,M,
MRE,Mara Serena Lodge Airstrip,Masai Mara,KE,M,6100
MRI,Merrill Field,Anchorage,US,M,
MRS,Marseille Provence Airport,"Marignane, Bouches-du-Rhône",FR,L,
MRU,Sir Seewoosagur Ramgoolam International Airport,Plaine Magnien,MU,L,Plaisance International Airport
MRV,Mineralnyye Vody Airport,Mineralnyye Vody,RU,M,
MRX,Mahshahr Airport,Mahshahr,IR,M,
MRY,Monterey Peninsula Airport,Monterey,US,M,
MRZ,Moree Airport,Moree,AU,M,
MSA,Muskrat Dam Airport,Muskrat Dam,CA,S,ZMD
MSJ,Misawa Airport / Misawa Air Base,Misawa,JP,M,
MSL,Northwest Alabama Regional Airport,Muscle Shoals,US,M,
MSN,Dane County Regional Truax Field,Madison,US,M,
MSO,Missoula International Airport,Missoula,US,M,
MSP,Minneapolis–Saint Paul International Airport / Wold–Chamberlain Field,Minneapolis,US,L,
MSQ,Minsk National Airport,Minsk,BY,L,Нацыянальны аэрапорт Minsk 2 Airport
MSR,Muş Airport,Muş,TR,M,
MSS,Massena International Airport Richards Field,Massena,US,M,
MST,Maastricht Aachen Airport,Maastricht,NL,M,
MSU,Moshoeshoe I International Airport,Maseru,LS,M,
MSY,Louis Armstrong New Orleans International Airport,New Orleans,US,L,
MSZ,Welwitschia Mirabilis International Airport,Moçâmedes,AO,M,Moçâmedes Namibe Yuri Gagarin
MTF,Mizan Teferi Airport,Mizan Teferi,ET,S,
MTJ,Montrose Regional Airport,Montrose,US,M,
MTP,Montauk Airport,Montauk,US,S,
MTR,Los Garzones Airport,Montería,CO,M,
MTT,Minatitlán/Coatzacoalcos International Airport,Cosoleacaque,MX,M,
MTV,Mota Lava Airport,Ablow,VU,S,
MTY,Monterrey International Airport,Monterrey,MX,L,General Mariano Escobedo Apodaca
MUA,Munda Airport,Munda,SB,M,
MUB,Maun Airport,Maun,BW,M,
MUC,Munich Airport,Munich,DE,L,Franz Josef Strauss Airport Flughafen München Franz Josef Strauß
MUE,Waimea Kohala Airport,Waimea (Kamuela),US,M,
MUH,Marsa Matruh International Airport,Marsa Matruh,EG,M,
MUK,Mauke Airport,Mauke Island,CK,S,Akatoka Manava Airport
MUN,Maturín Airport,Maturín,VE,M,
MUR,Marudi Airport,Marudi,MY,M,
MUU,Barra Grande Airport,Maraú,BR,S,
MUX,Multan International Airport,Multan,PK,M,Multan Air Base
MUZ,Musoma Airport,Musoma,TZ,S,
MVB,M'Vengue El Hadj Omar Bongo Ondimba International Airport,Franceville,GA,M,
MVD,Carrasco General Cesáreo L. Berisso International Airport,Ciudad de la Costa,UY,L,Montevideo
MVF,Dix-Sept Rosado Airport,Mossoró,BR,M,Mossoró Airport
MVP,Fabio Alberto Leon Bentley Airport,Mitú,CO,M,
MVQ,Mogilev Airport,Mogilev,BY,M,
MVR,Salak Airport,Maroua,CM,M,
MVT,Mataiva Airport,,PF,M,
MVY,Martha's Vineyard Airport,Martha's Vineyard,US,S,
MWA,Veterans Airport of Southern Illinois,Marion,US,M,Williamson County Regional Airport
MWQ,Magway Airport,Magway,MM,S,
MWX,Muan International Airport,Muan (Piseo-ri),KR,L,Gwangju Mokpo Muan MWX RKJB
MWZ,Mwanza Airport,Mwanza,TZ,M,
MXB,Andi Jemma Airport,Masamba,ID,S,WAWM
MXH,Moro Airport,Moro,PG,S,
MXL,General Rodolfo Sánchez Taboada International Airport,Mexicali,MX,M,Mexicali Airport Aeropuerto Internacional Gral. Rodolfo Sánchez Taboada
MXM,Morombe Airport,Morombe,MG,M,
MXP,Milan Malpensa International Airport,Ferno (VA),IT,L,MIL
MXS,Maota Airport,Maota,WS,S,Savaii Island
MXT,Maintirano Airport,Maintirano,MG,S,
MXV,Mörön Airport,Mörön,MN,M,Muren
MXW,Mandalgobi Airport,Mandalgobi,MN,S,
MXX,Mora Airport,Mora,SE,M,
MXZ,Meizhou Meixian Changgangji International Airport,Meizhou (Meixian),CN,S,
MYA,Moruya Airport,Moruya,AU,M,RAAF Moruya
MYC,Escuela Mariscal Sucre Airport,Maracay,VE,M,
MYD,Malindi Airport,Malindi,KE,M,
MYE,Miyakejima Airport,Miyakejima,JP,M,
MYG,Mayaguana Airport,Abrahams Bay,BS,M,
MYI,Murray Island Airport,Murray Island,AU,S,Mer Island Maer Island
MYJ,Matsuyama Airport,Matsuyama,JP,M,
MYK,May Creek Airport,May Creek,US,S,
MYL,McCall Municipal Airport,McCall,US,M,
MYP,Mary International Airport,Mary,TM,M,
MYQ,Mysore Airport,Mysore,IN,S,Mysuru Mandakalli airport
MYR,Myrtle Beach International Airport,Myrtle Beach,US,M,
MYT,Myitkyina Airport,Myitkyina,MM,M,
MYU,Mekoryuk Airport,Mekoryuk,US,M,
MYW,Mtwara Airport,Mtwara,TZ,M,
MYY,Miri Airport,Miri,MY,M,
MZG,Penghu Magong Airport,Huxi,TW,M,Magong Makung
MZH,Amasya Merzifon Airport,Amasya,TR,S,
MZI,Mopti Ambodédjo International Airport,Sévaré,ML,M,Ambodedjo Airport
MZL,La Nubia Airport,Manizales,CO,M,
MZO,Sierra Maestra International Airport,Manzanillo,CU,M,
MZR,Mazar-i-Sharif International Airport,Mazar-i-Sharif,AF,M,Mazari Sharif
MZS,Moradabad Airport,Moradabad,IN,M,
MZT,General Rafael Buelna International Airport,Mazatlàn,MX,L,
MZV,Mulu Airport,Mulu,MY,M,
NAA,Narrabri Airport,Narrabri,AU,M,
NAG,Dr. Babasaheb Ambedkar International Airport,Nagpur,IN,M,Sonegaon Airport Sonegaon Air Force Station
NAH,Naha Airport,Tahuna-Sangihe Island,ID,M,
NAJ,Nakhchivan Airport,Nakhchivan,AZ,M,Nakhichevan Airport Аэропорт Нахичевань UB15
NAL,Nalchik Airport,Nalchik,RU,M,
NAM,Namniwel Airport,Namniwel,ID,M,
NAN,Nadi International Airport,Nadi,FJ,M,
NAO,Nanchong Gaoping Airport,Nanchong (Gaoping),CN,S,
NAP,Naples International Airport,Napoli,IT,L,Capodichino Airport Aeroporto Internazionale di Napoli-Capodichino Ugo Niutta Ariopuorto 'nternazziunale 'e Napule-Capod
NAQ,Qaanaaq Airport,Qaanaaq,GL,S,Mittarfik Qaanaaq Thule
NAS,Lynden Pindling International Airport,Nassau,BS,L,Nassau International Airport
NAT,São Gonçalo do Amarante - Governador Aluízio Alves International Airport,Natal,BR,M,Greater Natal International Airport Augusto Severo International Airport
NAU,Napuka Island Airport,Napuka Island,PF,S,
NAV,Nevşehir Kapadokya Airport,Nevşehir,TR,S,
NAW,Narathiwat Airport,,TH,M,
NBC,Begishevo Airport,Nizhnekamsk,RU,M,
NBE,Enfidha - Hammamet International Airport,Enfidha,TN,M,DTNH
NBN,Annobón Airport,San Antonio de Palé,GQ,S,FG01 FGAB ?
NBO,Jomo Kenyatta International Airport,Nairobi,KE,L,Jkia Airport Embakasi Airport Nairobi International Airport
NBS,Changbaishan Airport,Baishan,CN,M,
NCA,North Caicos Airport,North Caicos,TC,M,
NCE,Nice-Côte d'Azur Airport,"Nice, Alpes-Maritimes",FR,L,
NCL,Newcastle International Airport,"Newcastle upon Tyne, Tyne and Wear",GB,M,
NCN,Chenega Bay Airport,Chenega,US,S,
NCU,Nukus Airport,Nukus,UZ,M,
NCY,Annecy Haute-Savoie Mont Blanc Airport,Epagny Metz-Tessy,FR,M,Annecy-Meythet
NDA,Bandanaira Airport,Bandanaira,ID,S,Banda-Naira
NDB,Nouadhibou International Airport,Nouadhibou,MR,M,
NDC,Nanded Airport,Nanded,IN,M,
NDG,Qiqihar Sanjiazi Airport,Qiqihar,CN,M,
NDJ,N'Djamena International Airport,N'Djamena,TD,L,Ndjamena Hassan Djamous
NDR,Nador Al Aaroui International Airport,Al Aaroui,MA,M,Al Aroui International Airport Arwi
NDU,Rundu Airport,Rundu,NA,M,
NDY,Sanday Airport,Sanday,GB,S,
NEC,Necochea Airport,Necochea,AR,M,
NER,Chulman Airport,Neryungri,RU,M,Neryungri Airport Аэропорт Чульман Аэропорт Нерюнгри CNN
NEV,Vance W. Amory International Airport,Charlestown,KN,M,Nevis Bambooshay Airport Newcastle Airport
NFG,Nefteyugansk Airport,Nefteyugansk,RU,M,Аэропорт Нефтеюганск
NGB,Ningbo Lishe International Airport,Ningbo,CN,L,
NGE,N'Gaoundéré Airport,N'Gaoundéré,CM,M,Ngaoundere
NGI,Ngau Airport,Ngau,FJ,S,
NGK,Nogliki Airport,Nogliki,RU,S,
NGO,Chubu Centrair International Airport,Tokoname,JP,L,
NGQ,Ngari Gunsa Airport,Shiquanhe,CN,M,Ali Airport
NGS,Nagasaki Airport,Nagasaki,JP,M,
NHV,Nuku Hiva Airport,Nuku Hiva,PF,M,
NIB,Nikolai Airport,Nikolai,US,S,5N1
NIM,Diori Hamani International Airport,Niamey,NE,L,
NIO,Nioki Airport,Nioki,CD,S,
NIU,Naiu Airport,Naiu Atoll,PF,S,Tupana
NJC,Nizhnevartovsk Airport,Nizhnevartovsk,RU,M,
NJF,Al Najaf International Airport,Najaf,IQ,M,
NKC,Nouakchott–Oumtounsy International Airport,Nouakchott,MR,L,Nouakchott Oumtounsy
NKG,Nanjing Lukou International Airport,Nanjing,CN,L,
NKM,Nagoya Airport / JASDF Komaki Air Base,Nagoya,JP,M,Komaki Airport Nagoya Airfield
NKT,Şırnak Şerafettin Elçi Airport,Şırnak,TR,M,
NLA,Simon Mwansa Kapwepwe International Airport,Ndola,ZM,M,
NLD,Quetzalcóatl International Airport,Nuevo Laredo,MX,M,
NLF,Darnley Island Airport,Darnley Island,AU,S,
NLG,Nelson Lagoon Airport,Nelson Lagoon,US,S,
NLH,Ninglang Luguhu Airport,Ninglang,CN,M,
NLI,Nikolayevsk-na-Amure Airport,Nikolayevsk-na-Amure Airport,RU,M,Nikolaevsk-na-Amure Airport Nikolayevsk-on-Amur Airport Аэропорт Николаевск-на-Амуре
NLK,Norfolk Island International Airport,Burnt Pine,NF,M,
NLT,Xinyuan Nalati Airport,Xinyuan,CN,M,
NLU,General Felipe Ángeles International Airport,Mexico City,MX,L,Santa Lucia AFB Mexico City Santa Lucía Airport Zumpango Aeropuerto Internacional General Felipe Ángeles
NLV,Mykolaiv International Airport,Nikolayev,UA,M,Nikolayev Airport Nikolaev Airport Аэропорт Николаев
NMA,Namangan Airport,Namangan,UZ,S,
NME,Nightmute Airport,Nightmute,US,S,AK08
NMF,Maafaru International Airport,Noonu Atoll,MV,M,
NMI,Navi Mumbai International Airport,Navi Mumbai,IN,L,D. B. Patil new airport
NNB,Santa Ana Airport,Santa Ana Island,SB,S,
NNG,Nanning Wuxu Airport,Nanning (Jiangnan),CN,L,南宁吴圩机场 Nanning Wuxu Air Base
NNM,Naryan Mar Airport,Naryan Mar,RU,M,Нарья́н-Мар
NNR,Connemara Regional Airport,Inverin,IE,S,Aerfort na Minna Indreabhán
NNT,Nan Airport,,TH,M,
NNY,Nanyang Jiangying Airport,Nanyang (Wancheng),CN,S,
NOB,Nosara Airport,Nicoya,CR,M,
NOC,Ireland West Knock Airport,Charlestown,IE,M,Connaught
NOD,Norden-Norddeich Airport,Norddeich,DE,S,
NOP,Sinop Airport,Sinop,TR,M,SIC
NOS,Fascene Airport,Nosy Be,MG,M,
NOU,La Tontouta International Airport,Nouméa (La Tontouta),NC,M,Aéroport de Nouméa - La Tontouta
NOV,Nova Lisboa Airport,Huambo,AO,M,Nova Lisbo Airport
NOZ,Spichenkovo Airport,Novokuznetsk,RU,M,
NPE,Hawke's Bay Airport,Napier,NZ,M,
NPL,New Plymouth Airport,New Plymouth,NZ,M,
NPO,Nanga Pinoh Airport,Nanga Pinoh-Borneo Island,ID,M,
NPT,Newport State Airport,Newport,US,S,2B4
NQN,Presidente Peron Airport,Neuquen,AR,M,
NQU,Reyes Murillo Airport,Nuquí,CO,S,
NQY,Cornwall Airport Newquay,Newquay,GB,M,St Mawgan EGDG
NQZ,Nursultan Nazarbayev International Airport,Astana,KZ,L,
NRA,Narrandera Airport,Narrandera,AU,M,
NRD,Norderney Airport,Norderney,DE,S,
NRK,Norrköping Airport,Norrköping,SE,M,Kungsangen
NRL,North Ronaldsay Airport,North Ronaldsay,GB,S,
NRN,Weeze Airport,Weeze,DE,M,LRC ETUL Niederrhein Airport RAF Laarbruch Düsseldorf Regional
NRR,José Aponte de la Torre Airport,Ceiba,PR,M,Ceiba International Airport NAS Roosevelt Roads NRR TJNR
NRT,Narita International Airport,Narita,JP,L,TYO Tokyo Tokyo Narita Airport New Tokyo International Airport
NSH,Nowshahr Airport,Nowshahr,IR,M,Noshahr
NSI,Yaoundé Nsimalen International Airport,Yaoundé,CM,M,
NSK,Norilsk-Alykel Airport,Norilsk,RU,M,
NSN,Nelson Airport,Nelson,NZ,M,
NST,Nakhon Si Thammarat Airport,Nakhon Si Thammarat,TH,M,ท่าอากาศยานนครศรีธรรมราช
NTE,Nantes Atlantique Airport,Nantes,FR,M,
NTG,Nantong Xingdong International Airport,Nantong (Tongzhou),CN,M,
NTL,Newcastle Airport,Williamtown,AU,M,RAAF Base Williamtown
NTN,Normanton Airport,Normanton,AU,M,
NTQ,Noto Satoyama Airport,Wajima,JP,M,Noto Wajima
NTT,Kuini Lavenia Airport,Niuatoputapu,TO,S,
NTX,Ranai Airport,Ranai-Natuna Besar Island,ID,M,WION Natuna Natuna-Ranai Raden Sadjad
NTY,Pilanesberg International Airport,Pilanesberg,ZA,S,
NUE,Nuremberg Airport,Nuremberg,DE,L,Nürnberg
NUI,Nuiqsut Airport,Nuiqsut,US,M,10AK
NUL,Nulato Airport,Nulato,US,S,
NUM,Neom Bay Airport,Sharma,SA,M,Neom Bay Sharma
NUP,Nunapitchuk Airport,Nunapitchuk,US,S,
NUS,Norsup Airport,Norsup,VU,S,
NUX,Novy Urengoy Airport,Novy Urengoy,RU,M,
NVA,Benito Salas Airport,Neiva,CO,M,La Manguita
NVI,Navoi Airport,Navoi,UZ,M,
NVT,Ministro Victor Konder International Airport,Navegantes,BR,M,
NWI,Norwich Airport,"Norwich, Norfolk",GB,M,RAF Horsham St Faith
NYA,Nyagan Airport,Nyagan,RU,M,УСХН Аэропорт Нягань
NYI,Sunyani Airport,Sunyani,GH,M,
NYK,Nanyuki Airport,Nanyuki,KE,M,
NYM,Nadym Airport,Nadym,RU,M,Аэропорт Надым
NYO,Stockholm Skavsta Airport,Nyköping,SE,M,
NYT,Nay Pyi Taw International Airport,Pyinmana,MM,M,VYEL Ela Nay Pyi Taw International
NYU,Bagan Airport,Nyaung U,MM,S,
NZC,Maria Reiche Neuman Airport,Nazca,PE,M,
NZG,Nizhneangarsk International Airport,Nizhneangarsk,RU,S,
NZH,Manzhouli Xijiao Airport,Manzhouli,CN,M,
NZL,Zhalantun Genghis Khan Airport,Zhalantun,CN,M,Chengjisihan
OAJ,Albert J Ellis Airport,Richlands,US,M,
OAK,San Francisco Bay Oakland International Airport,Oakland,US,L,Metro Oakland International
OAL,Cacoal Airport,Cacoal,BR,S,
OAX,Xoxocotlán International Airport,Oaxaca,MX,M,Aeropuerto Internacional Xoxocotlán
OBO,Tokachi-Obihiro Airport,Obihiro,JP,M,
OBU,Kobuk Airport,Kobuk,US,S,
OBX,Obo Airport,Obo,PG,S,
OCC,Francisco De Orellana Airport,Coca,EC,M,
OCJ,Ian Fleming International Airport,Boscobel,JM,M,Boscobel Aerodrome
ODE,Odense Hans Christian Andersen Airport,Odense,DK,M,Beldringe
ODN,Long Seridan Airport,Long Seridan,MY,S,
ODO,Bodaybo Airport,Bodaybo,RU,S,Bodaibo Airport Аэропорт Бодайбо
ODS,Odessa International Airport,Odessa,UA,M,Odesa Central Міжнародний аеропорт Одеса
ODY,Oudomsay Airport,Oudomsay,LA,S,
OER,Örnsköldsvik Airport,Örnsköldsvik,SE,M,
OES,Antoine de Saint Exupéry Airport,San Antonio Oeste,AR,S,
OFU,Ofu Airport,Ofu,AS,S,
OGD,Ogden Hinckley Airport,Ogden,US,M,
OGG,Kahului International Airport,Kahului,US,L,
OGL,Eugene F. Correira International Airport,Ogle,GY,M,
OGN,Yonaguni Airport,Yonaguni,JP,M,
OGS,Ogdensburg International Airport,Ogdensburg,US,M,
OGU,Ordu–Giresun Airport,Ordu,TR,M,
OGX,Ain Beida Airport,Ouargla,DZ,M,Ain el Beida Sedrata Airfield
OGZ,Vladikavkaz Beslan International Airport,Beslan,RU,M,Beslan Airport Аэропорт Беслан Аэропорт Владикавказ
OHD,Ohrid St. Paul the Apostle Airport,Ohrid,MK,M,
OHE,Mohe Gulian Airport,Mohe,CN,M,
OHO,Okhotsk Airport,Okhotsk,RU,M,
OHS,Sohar Airport,Sohar,OM,S,Majis
OIM,Oshima Airport,Izu Oshima,JP,M,
OIR,Okushiri Airport,Okushiri Island,JP,M,
OIT,Oita Airport,Oita,JP,M,
OJU,Tanjung Api Airport,Tojo Una-Una,ID,S,Ampana
OKA,Naha Airport / JASDF Naha Air Base,Naha,JP,L,那覇空港 Naha Kūkō? AHA Naha AFB
OKC,Will Rogers World Airport,Oklahoma City,US,L,
OKD,Sapporo Okadama Airport,Sapporo,JP,M,RJCO OKD Sapporo Okadama
OKE,Okinoerabu Airport,Wadomari,JP,M,Okierabu
OKI,Oki Global Geopark Airport,Okinoshima,JP,M,oki okinoshima geopark global sekai
OKJ,Okayama Momotaro Airport,Okayama,JP,M,okayama
OKL,Oksibil Airport,Oksibil,ID,M,Gunung Bintang
OKR,Yorke Island Airport,Yorke Island,AU,S,Masig Island
OKY,Oakey Army Aviation Centre,,AU,M,Swartz Barracks
OLA,Ørland Airport,Ørland,NO,M,Orland
OLB,Olbia Costa Smeralda Airport,Olbia (SS),IT,M,
OLF,L M Clayton Airport,Wolf Point,US,M,
OLH,Old Harbor Airport,Old Harbor,US,S,
OLJ,North West Santo Airport,Olpoi,VU,S,Lajmoli Airport Olpoi Airport
OLM,Olympia Regional Airport,Olympia,US,M,
OLP,Olympic Dam Airport,Olympic Dam,AU,S,
OLZ,Olyokminsk Airport,Olyokminsk,RU,M,Olekminsk Airport Аэропорт Олёкминск Аэропорт Олекминск УЕМО
OMA,Eppley Airfield,Omaha,US,L,
OMD,Oranjemund Airport,Oranjemund,NA,M,
OME,Nome Airport,Nome,US,M,
OMH,Urmia Airport,Urmia,IR,M,
OMO,Mostar International Airport,Mostar,BA,M,
OMR,Oradea International Airport,Oradea,RO,M,
OMS,Omsk Central Airport,Omsk,RU,M,Omsk Tsentralny Airport
OND,Ondangwa Airport,Ondangwa,NA,M,
ONG,Mornington Island Airport,,AU,S,
ONJ,Odate Noshiro Airport,Kitaakita,JP,M,
ONQ,Zonguldak Çaycuma Airport,Zonguldak,TR,M,
ONT,Ontario International Airport,Ontario,US,L,
ONX,Enrique Adolfo Jimenez Airport,Colón,PA,M,
OOK,Toksook Bay Airport,Toksook Bay,US,S,
OOL,Gold Coast Airport,Gold Coast,AU,M,
OOM,Cooma Snowy Mountains Airport,Cooma,AU,M,
OPF,Miami-Opa Locka Executive Airport,Miami,US,M,
OPO,Francisco de Sá Carneiro Airport,Porto,PT,L,
OPP,Salinópolis Airport,Salinópolis,BR,S,
OPS,Presidente João Batista Figueiredo Airport,Sinop,BR,S,SWSI
OPU,Balimo Airport,Balimo,PG,M,
ORB,Örebro Airport,Örebro,SE,M,
ORD,Chicago O'Hare International Airport,Chicago,US,L,CHI Orchard Place
ORF,Norfolk International Airport,Norfolk,US,L,
ORG,Zorg en Hoop Airport,Paramaribo,SR,S,
ORH,Worcester Regional Airport,Worcester,US,M,
ORI,Port Lions Airport,Port Lions,US,S,
ORK,Cork Airport,Cork,IE,M,Aerfort Chorcaí
ORN,Oran Es-Sénia (Ahmed Ben Bella) International Airport,Es-Sénia,DZ,M,Es Senia
ORP,Orapa Airport,Orapa,BW,S,
ORT,Northway Airport,Northway,US,M,
ORV,Robert (Bob) Curtis Memorial Airport,Noorvik,US,S,
ORY,Paris-Orly Airport,"Paris (Orly, Val-de-Marne)",FR,L,
OSD,Åre Östersund Airport,Östersund,SE,M,F4 Frösön Air Base ESPC
OSI,Osijek Airport,Klisa,HR,M,
OSL,"Oslo Airport, Gardermoen",Oslo,NO,L,
OSR,Ostrava Leos Janáček Airport,Mošnov,CZ,M,Ostrava-Mošnov International Airport
OSS,Osh Airport,Osh,KG,M,
OST,Oostende-Brugge International Airport,Oostende,BE,M,Ostend-Bruges International Airport
OSW,Orsk Airport,Orsk,RU,M,
OSY,Namsos Airport,Namsos,NO,S,Namsos lufthavn Høknesøra
OTD,Raul Arias Espinoza Airport,Contadora Island,PA,S,Contadora Airport
OTH,Southwest Oregon Regional Airport,North Bend,US,M,
OTP,Bucharest Henri Coandă International Airport,Otopeni,RO,L,BUH Otopeni Airport RoAF 90th Airlift Base
OTS,Anacortes Airport,Anacortes,US,S,
OTZ,Ralph Wien Memorial Airport,Kotzebue,US,M,
OUA,Ouagadougou Airport,Ouagadougou,BF,M,
OUD,Oujda Angads Airport,Ahl Angad,MA,M,Oujda Airfield
OUI,Ouessant Airport,Ushant,FR,S,
OUL,Oulu Airport,Oulu / Oulunsalo,FI,M,
OVB,Novosibirsk Tolmachevo Airport,Novosibirsk,RU,L,
OVD,Asturias Airport,Ranón,ES,M,
OVS,Sovetskiy Airport,Sovetskiy,RU,M,Sovyetskiy Airport Sovyetsky Airport Sovetsky Airport Аэропорт Советский
OWB,Owensboro Daviess County Airport,Owensboro,US,M,
OXB,Osvaldo Vieira International Airport,Bissau,GW,M,
OYE,Oyem Airport,Oyem,GA,M,
OZC,Labo Airport,Ozamiz,PH,M,Barangay Labo Ozamiz Misamis Airfield
OZG,Zagora Airport,Zagora,MA,M,
OZH,Zaporizhzhia International Airport,Zaporizhia,UA,M,Zaporozhye Airport Міжнародний аеропорт Запоріжжя Аэропорт Запорожье
OZZ,Ouarzazate Airport,Ouarzazate,MA,M,
PAB,Bilaspur Airport,Bilaspur,IN,M,VABI
PAC,Marcos A. Gelabert International Airport,Albrook,PA,M,Balboa. Albrook AFS. MPLB
PAD,Paderborn Lippstadt Airport,Büren,DE,M,
PAE,Seattle Paine Field International Airport,Everett,US,M,Snohomish County
PAG,Pagadian Airport,Pagadian,PH,M,
PAH,Barkley Regional Airport,Paducah,US,M,
PAP,Toussaint Louverture International Airport,Port-au-Prince,HT,L,
PAS,Paros National Airport,Paros,GR,S,New Paros Airport
PAT,Jay Prakash Narayan Airport,Patna,IN,M,Lok Nayah Jayprakash
PAV,Paulo Afonso Airport,Paulo Afonso,BR,M,
PAZ,El Tajín National Airport,Poza Rica,MX,M,
PBC,Hermanos Serdán International Airport,Puebla,MX,M,Aeropuerto Internacional Hermanos Serdán
PBD,Porbandar Airport,Porbandar,IN,M,
PBG,Plattsburgh International Airport,Plattsburgh,US,M,Plattsburgh Air Force Base
PBH,Paro International Airport,Paro,BT,M,སྤ་རོ་གནམ་ཐང༌། paro gnam thang
PBI,Palm Beach International Airport,West Palm Beach,US,L,MFW South Florida
PBJ,Tavie Airport,Paama Island,VU,S,Paama Airport
PBM,Johan Adolf Pengel International Airport,Zandery,SR,L,Zanderij JAP International Airport JAPI Airport JAPIA ZY Airport
PBO,Paraburdoo Airport,Paraburdoo,AU,M,
PBR,Puerto Barrios Airport,Puerto Barrios,GT,M,
PBU,Putao Airport,Putao,MM,M,
PCL,Cap FAP David Abenzur Rengifo International Airport,Pucallpa,PE,M,
PCN,Picton Aerodrome,Koromiko,NZ,S,
PCP,Principe Airport,São Tomé & Príncipe,ST,M,
PCR,German Olano Airport,Puerto Carreño,CO,M,Puerto Carreño Airport
PDA,Obando Cesar Gaviria Trujillo Airport,Puerto Inírida,CO,M,
PDB,Pedro Bay Airport,Pedro Bay,US,S,
PDG,Minangkabau International Airport,Padang (Katapiang),ID,M,
PDK,DeKalb Peachtree Airport,Atlanta,US,M,
PDL,João Paulo II Airport,Ponta Delgada,PT,L,
PDM,Capt. J. Montenegro Airport,Pedasí,PA,S,
PDO,Pendopo Airport,Talang Gudang-Sumatra Island,ID,M,
PDP,Capitan Corbeta CA Curbelo International Airport,Punta del Este,UY,M,
PDS,Piedras Negras International Airport,Piedras Negras,MX,M,
PDT,Eastern Oregon Regional Airport at Pendleton,Pendleton,US,M,
PDV,Plovdiv International Airport,Plovdiv,BG,M,
PDX,Portland International Airport,Portland,US,L,
PED,Pardubice Airport,Pardubice,CZ,M,Letiště Pardubice
PEE,Perm International Airport,Perm,RU,M,Bolshoye Savino
PEI,Matecaña International Airport,Pereira,CO,M,
PEK,Beijing Capital International Airport,Beijing,CN,L,BJS Bejing Peking Olympics
PEM,Padre Aldamiz International Airport,Puerto Maldonado,PE,M,Puerto Maldonado International Airport
PEN,Penang International Airport,Penang,MY,M,
PER,Perth International Airport,Perth,AU,L,
PES,Petrozavodsk Airport,Petrozavodsk,RU,M,Besovets Airport Аэропорт Петрозаводск Аэропорт Бесовец
PET,João Simões Lopes Neto International Airport,Pelotas,BR,M,Pelotas Airport
PEU,Puerto Lempira Airport,Puerto Lempira,HN,S,
PEV,Pécs-Pogány Airport,Pogány,HU,M,Pecs South Airport QPJ
PEW,Peshawar International Airport,Peshawar,PK,M,
PEX,Pechora Airport,Pechora,RU,M,
PEZ,Penza Airport,Penza,RU,M,Penza South
PFB,Lauro Kurtz Airport,Passo Fundo,BR,M,
PFO,Paphos International Airport,Paphos,CY,M,Pafos Mandria Kouklia Διεθνής Αερολιμένας Πάφου
PFQ,Parsabad-Moghan Airport,Parsabad,IR,S,
PFR,Ilebo Airport,Ilebo,CD,S,
PGA,Page Municipal Airport,Page,US,M,
PGD,Punta Gorda Airport,Punta Gorda,US,M,Charlotte County Punta Gorda AAF
PGF,Perpignan-Rivesaltes (Llabanère) Airport,Perpignan/Rivesaltes,FR,M,
PGH,Pantnagar Airport,Pantnagar,IN,M,Panthnagar
PGK,Depati Amir Airport,Pangkal Pinang,ID,M,WIPK
PGM,Port Graham Airport,Port Graham,US,S,
PGQ,Buli Airport,Pekaulang,ID,S,
PGU,Persian Gulf International Airport,Khiyaroo,IR,M,Asalouyeh Khalije Fars PSEEZ Bandar Asalouyeh Pars-Special-Zone عسلویه
PGV,Pitt-Greenville Airport,Greenville,US,M,
PGZ,Ponta Grossa Airport - Comandante Antonio Amilton Beraldo,Ponta Grossa,BR,M,SSZW Sant'ana Airport
PHB,Parnaíba - Prefeito Doutor João Silva Filho International Airport,Parnaíba,BR,M,Santos Dumont Airport
PHC,Port Harcourt International Airport,Port Harcourt,NG,M,
PHE,Port Hedland International Airport,Port Hedland,AU,M,
PHF,Newport News Williamsburg International Airport,Newport News,US,M,
PHL,Philadelphia International Airport,Philadelphia,US,L,
PHO,Point Hope Airport,Point Hope,US,S,
PHS,Phitsanulok Airport,Phitsanulok,TH,M,
PHW,Hendrik Van Eck Airport,Phalaborwa,ZA,M,
PHX,Phoenix Sky Harbor International Airport,Phoenix,US,L,
PHY,Phetchabun Airport,,TH,M,
PIA,General Wayne A. Downing Peoria International Airport,Peoria,US,M,Peoria International Airport
PIB,Hattiesburg Laurel Regional Airport,Moselle,US,M,
PIE,St. Petersburg Clearwater International Airport,Pinellas Park,US,M,
PIF,Pingtung North Airport,Pingtung,TW,M,
PIH,Pocatello Regional Airport,Pocatello,US,M,
PIK,Glasgow Prestwick Airport,"Prestwick, South Ayrshire",GB,M,
PIP,Pilot Point Airport,Pilot Point,US,S,
PIR,Pierre Regional Airport,Pierre,US,M,
PIS,Poitiers-Biard Airport,Poitiers/Biard,FR,M,
PIT,Pittsburgh International Airport,Pittsburgh,US,L,
PIU,Capitán FAP Guillermo Concha Iberico International Airport,Piura,PE,M,
PIX,Pico Airport,Pico Island,PT,M,
PIZ,Point Lay LRRS Airport,Point Lay,US,M,
PJA,Pajala Airport,,SE,S,
PJM,Puerto Jimenez Airport,Puerto Jimenez,CR,M,Corcovado National Park
PKA,Napaskiak Airport,Napaskiak,US,S,
PKB,Mid Ohio Valley Regional Airport,Parkersburg (Williamstown),US,M,
PKC,Yelizovo Airport,Petropavlovsk-Kamchatsky,RU,M,
PKE,Parkes Airport,Parkes,AU,M,
PKG,Pulau Pangkor Airport,Pangkor Island,MY,S,
PKN,Iskandar Airport,Pangkalanbun,ID,S,WRBI
PKP,Puka Puka Airport,,PF,S,
PKU,Sultan Syarif Kasim II International Airport / Roesmin Nurjadin AFB,Pekanbaru,ID,M,Simpang Tiga
PKV,Pskov Airport,Pskov,RU,M,
PKW,Selebi Phikwe Airport,Selebi Phikwe,BW,M,
PKX,Beijing Daxing International Airport,Beijing,CN,L,
PKY,Tjilik Riwut Airport,Palangkaraya,ID,M,WRBP WAOP
PKZ,Pakse International Airport,Pakse,LA,M,
PLJ,Placencia Airport,Placencia,BZ,M,
PLM,Sultan Mahmud Badaruddin II Airport,Palembang,ID,M,
PLN,Pellston Regional Airport of Emmet County Airport,Pellston,US,M,
PLO,Port Lincoln Airport,Port Lincoln,AU,M,
PLQ,Palanga International Airport,Palanga,LT,M,
PLS,Providenciales International Airport,Providenciales,TC,L,
PLW,Mutiara - SIS Al-Jufrie Airport,Palu,ID,M,WAML
PLX,Semey Airport,Semey,KZ,M,Semipalatinsk Airport Semey International Airport
PLZ,Chief Dawid Stuurman International Airport,Gqeberha (Port Elizabeth),ZA,M,H F Verwoerd Airport Port Elizabeth International Airport
PMC,El Tepual Airport,Puerto Montt,CL,M,
PMF,Parma Airport,Parma (PR),IT,M,
PMG,Ponta Porã Airport,Ponta Porã,BR,M,
PMI,Palma de Mallorca Airport,Palma de Mallorca,ES,L,Son Sant Joan Airport LESJ
PMK,Palm Island Airport,,AU,S,
PMO,Falcone–Borsellino Airport,Palermo,IT,L,Palermo Airport Punta Raisi Airport
PMQ,Perito Moreno Airport,Perito Moreno,AR,M,
PMR,Palmerston North Airport,Palmerston North,NZ,M,
PMV,Del Caribe Santiago Mariño International Airport,Isla Margarita,VE,M,
PMW,Brigadeiro Lysias Rodrigues Airport,Palmas,BR,M,
PMY,El Tehuelche Airport,Puerto Madryn,AR,M,
PNA,Pamplona Airport,Pamplona,ES,M,
PND,Punta Gorda Airport,Punta Gorda,BZ,M,
PNH,Phnom Penh International Airport,Phnom Penh (Pou Senchey),KH,L,Pochentong International Airport
PNI,Pohnpei International Airport,Pohnpei Island,FM,M,Ponape
PNK,Supadio Airport,Pontianak,ID,M,
PNL,Pantelleria Airport,Pantelleria (TP),IT,M,I D'Amico
PNP,Girua Airport,Popondetta,PG,M,
PNQ,Pune Airport / Lohagaon Air Force Station,Pune,IN,M,Lohegaon Airport Lohegaon Air Force Station
PNR,Antonio Agostinho-Neto International Airport,Pointe Noire,CG,M,Pointe Noire
PNS,Pensacola International Airport,Pensacola,US,M,
PNT,Lieutenant Julio Gallardo Airport,Puerto Natales,CL,M,
PNY,Pondicherry Airport,Puducherry (Pondicherry),IN,M,
PNZ,Senador Nilo Coelho Airport,Petrolina,BR,M,
POA,Salgado Filho International Airport,Porto Alegre,BR,M,
POG,Port Gentil Airport,Port Gentil,GA,M,
POL,Pemba Airport,Pemba / Porto Amelia,MZ,M,
POM,Port Moresby Jacksons International Airport,Port Moresby,PG,L,
POP,Gregorio Luperon International Airport,Puerto Plata,DO,M,La Union
POR,Pori Airport,Pori,FI,M,
POS,Piarco International Airport,Port of Spain,TT,M,
POZ,Poznań-Ławica Airport,Poznań,PL,M,Poznań–Ławica Henryk Wieniawski Airport
PPB,Presidente Prudente Airport,Presidente Prudente,BR,M,
PPE,Mar de Cortés International Airport,Puerto Peñasco,MX,S,
PPG,Pago Pago International Airport,Pago Pago,AS,M,
PPK,Petropavl Airport,Petropavl,KZ,M,
PPN,Guillermo León Valencia Airport,Popayán,CO,M,
PPP,Proserpine Whitsunday Coast Airport,Proserpine,AU,M,
PPS,Puerto Princesa International Airport / PAF Antonio Bautista Air Base,Puerto Princesa,PH,M,
PPT,Faa'a International Airport,Papeete,PF,L,
PPW,Papa Westray Airport,Papa Westray,GB,S,Papay
PQC,Phu Quoc International Airport,Phu Quoc Island,VN,M,
PQI,Presque Isle International Airport,Presque Isle,US,M,Northern Maine Regional
PQQ,Port Macquarie Airport,Port Macquarie,AU,M,
PQS,Pilot Station Airport,Pilot Station,US,S,
PRA,General Urquiza Airport,Parana,AR,M,
PRC,Prescott International Airport - Ernest A. Love Field,Prescott,US,M,
PRG,Václav Havel Airport Prague,Prague,CZ,L,Letiště Praha-Ruzyně Ruzyně International Airport Letiště Václava Havla Praha
PRI,Praslin Island Airport,Praslin Island,SC,M,
PRM,Portimão Airport,Portimão,PT,M,
PRN,Priština Adem Jashari International Airport,Prishtina,XK,M,LYPR Pristina Slatina Air Base
PSA,Pisa International Airport,Pisa (PI),IT,L,Galileo Galilei Airport San Giusto Airport
PSC,Tri Cities Airport,Pasco,US,M,
PSE,Mercedita Airport,Ponce,PR,M,
PSG,Petersburg James A Johnson Airport,Petersburg,US,M,
PSM,Portsmouth International at Pease Airport,Portsmouth,US,M,
PSO,Antonio Nariño Airport,Chachagüí,CO,M,Pasto
PSP,Palm Springs International Airport,Palm Springs,US,M,Palm Springs Air Base
PSR,Abruzzo Airport,Pescara,IT,M,Pescara Abruzzo Pasquale Liberi International
PSS,Libertador Gral D Jose De San Martin Airport,Posadas,AR,M,
PSU,Pangsuma Airport,Putussibau-Borneo Island,ID,M,
PSY,Port Stanley Airport,Stanley,FK,M,
PSZ,Capitán Av. Salvador Ogaya G. airport,Puerto Suárez,BO,M,
PTA,Port Alsworth Airport,Port Alsworth,US,S,
PTF,Malolo Lailai Island Airport,Malolo Lailai Island,FJ,S,
PTG,Polokwane International Airport,Polokwane,ZA,M,FAPB AFB Pietersburg Pietersburg International Airport Gateway International Airport
PTH,Port Heiden Airport,Port Heiden,US,M,
PTJ,Portland Airport,,AU,M,
PTO,Juvenal Loureiro Cardoso Airport,Pato Branco,BR,S,SSPB
PTP,Pointe-à-Pitre Le Raizet International  Airport,Pointe-à-Pitre,GP,L,Le Raizet Les Abymes
PTU,Platinum Airport,Platinum,US,M,
PTY,Tocumen International Airport,Tocumen,PA,L,La Joya No 1
PUB,Pueblo Memorial Airport,Pueblo,US,M,
PUD,Puerto Deseado Airport,Puerto Deseado,AR,M,
PUF,Pau Pyrénées Airport,Pau/Pyrénées (Uzein),FR,M,
PUG,Port Augusta Airport,,AU,M,
PUJ,Punta Cana International Airport,Punta Cana,DO,L,
PUQ,President Carlos Ibañez del Campo International Airport,Punta Arenas,CL,M,
PUR,Puerto Rico Airport,Puerto Rico/Manuripi,BO,S,
PUS,Gimhae International Airport,Busan,KR,L,김해국제공항 金海國際空港 Kimhae Pusan
PUU,Tres De Mayo Airport,Puerto Asís,CO,M,
PUW,Pullman-Moscow Regional Airport,Pullman,US,M,
PUY,Pula Airport,Pula,HR,M,
PUZ,Puerto Cabezas Airport,Puerto Cabezas,NI,M,
PVA,El Embrujo Airport,Providencia,CO,M,
PVD,Theodore Francis Green State Airport,Warwick,US,L,
PVG,Shanghai Pudong International Airport,Shanghai (Pudong),CN,L,
PVH,Governador Jorge Teixeira de Oliveira Airport,Porto Velho,BR,M,
PVK,Aktion National Airport,Preveza,GR,M,Preveza Lefkada Πρέβεζα Λευκάδα
PVR,Puerto Vallarta International Airport,Puerto Vallarta,MX,L,Licenciado Gustavo Díaz Ordaz
PVU,Provo-Utah Lake International Airport,Provo,US,M,
PWE,Pevek Airport,Apapelgino,RU,M,УХМП Аэропорт Певек
PWM,Portland International Jetport,Portland,US,L,
PWQ,Pavlodar Airport,Pavlodar,KZ,M,Pavlodar South
PXH,Prominent Hill Airport,Mount Eba,AU,S,
PXM,Puerto Escondido International Airport,Puerto Escondido,MX,M,Aeropuerto Internacional de Puerto Escondido
PXO,Porto Santo Airport,Vila Baleira,PT,M,
PXR,Surin Airport,Surin,TH,M,Surin Bhakdi Airport
PXU,Pleiku Airport,Pleiku,VN,M,
PYH,Cacique Aramare Airport,Puerto Ayacucho,VE,M,Casique Aramare Airport
PYJ,Polyarny Airport,Yakutia,RU,M,Аэропорт Полярный Alrosa Kimberlite Diamonds
PYK,Payam Karaj International Airport,Karaj,IR,M,
PYT,Pedro Rabelo de Souza Airport,Paracatu,BR,S,
PZB,Pietermaritzburg Airport,Pietermaritzburg,ZA,M,
PZH,Zhob Airport,Fort Sandeman,PK,M,
PZI,Panzhihua Bao'anying Airport,Panzhihua (Renhe),CN,M,Xining Air Base 攀枝花保安营机场
PZO,General Manuel Carlos Piar International Airport,Puerto Ordaz-Ciudad Guayana,VE,M,
PZU,Port Sudan New International Airport,Port Sudan,SD,M,
QBC,Bella Coola Airport,Bella Coola,CA,M,YBD
QOW,Sam Mbakwe International Airport,Owerri,NG,M,Imo Airport
QRO,Querétaro Intercontinental Airport,Querétaro,MX,M,
QRW,Warri Airport,Warri,NG,M,Osubi Airstrip Shell
QSF,Ain Arnat Airport,Sétif,DZ,M,Sétif International Airport 8 Mai 45 Airport
QSZ,Shache Airport,Shache,CN,M,Yarkant Yeerqiang
QUB,Ubari Airport,Ubari,LY,S,
QUO,Akwa Ibom International Airport,Uyo,NG,M,
RAB,Tokua Airport,Kokopo,PG,M,
RAE,Arar Domestic Airport,Arar,SA,M,
RAH,Rafha Domestic Airport,Rafha,SA,M,
RAI,Nelson Mandela International Airport,Praia,CV,L,Santiago Island
RAJ,Rajkot Airport,Rajkot,IN,M,
RAK,Menara Airport,Marrakech,MA,M,Marakesh Marrakesh
RAM,Ramingining Airport,,AU,S,
RAO,Leite Lopes Airport,Ribeirão Preto,BR,M,
RAP,Rapid City Regional Airport,Rapid City,US,M,
RAR,Rarotonga International Airport,Avarua,CK,M,
RAS,Sardar-e-Jangal Airport,Rasht,IR,M,
RBA,Rabat-Salé Airport,Rabat,MA,M,
RBB,Borba Airport,Borba,BR,S,
RBQ,Rurrenabaque Airport,Rurrenabaque,BO,S,
RBR,Rio Branco-Plácido de Castro International Airport,Rio Branco,BR,M,
RBV,Ramata Airport,Ramata,SB,S,
RBX,Rumbek Airport,Rumbek,SS,S,HSMK
RBY,Ruby Airport,Ruby,US,M,
RCB,Richards Bay Airport,Richards Bay,ZA,M,
RCE,Roche Harbor Airport,Roche Harbor,US,S,9S1
RCH,Almirante Padilla Airport,Riohacha,CO,M,
RCL,Redcliffe Airport,Redcliffe,VU,S,
RCM,Richmond Airport,,AU,S,RAAF Base Richmond
RDD,Redding Municipal Airport,Redding,US,M,
RDM,Roberts Field,Redmond,US,M,
RDO,Warsaw Radom Airport,Radom,PL,M,Radom Military Air Base Radom-Sadków Airport Warszawa-Radom Lotnisko Warszawa-Radom im. Bohaterów Radomskiego Czerwca 19
RDP,Kazi Nazrul Islam Airport,Durgapur,IN,M,Andal Airport Durgapur Airport
RDU,Raleigh Durham International Airport,Raleigh/Durham,US,L,
RDV,Red Devil Airport,Red Devil,US,S,
RDZ,Rodez–Aveyron Airport,Rodez/Marcillac,FR,M,
REC,Recife/Guararapes - Gilberto Freyre International Airport,Recife,BR,M,Ibura
REG,Reggio Calabria Airport,Reggio Calabria,IT,M,Tito Minniti
REL,Almirante Marco Andres Zar Airport,Rawson,AR,M,Trelew Airport
REN,Orenburg Central Airport,Orenburg,RU,M,Orenburg Tsentralny Airport Аэропорт Центральный
RES,Resistencia International Airport,Resistencia,AR,M,
RET,Røst Airport,Røst,NO,S,Rost Airport
REU,Reus Airport,Reus,ES,M,
REW,"Rewa Airport, Chorhata, REWA",Rewa,IN,M,
REX,General Lucio Blanco International Airport,Reynosa,MX,M,
RFD,Chicago Rockford International Airport,Chicago/Rockford,US,M,
RFP,Raiatea Airport,Uturoa,PF,M,
RGA,Gobernador Ramón Trejo Noel International Airport,Rio Grande,AR,M,Hermes Quijada
RGI,Rangiroa Airport,,PF,M,
RGL,Piloto Civil N. Fernández Airport,Rio Gallegos,AR,M,Brigadier General D. A. Parodi
RGN,Yangon International Airport,Yangon,MM,L,Rangoon
RGO,Orang (Chongjin) Airport,Hoemun-ri,KP,M,K-33 Hoemun Airfield
RHD,Termas de Río Hondo international Airport,Termas de Río Hondo,AR,M,
RHI,Rhinelander Oneida County Airport,Rhinelander,US,M,
RHO,Diagoras Airport,Rhodes,GR,M,
RHT,Alxa Right Banner Badanjilin Airport,Badanjilin,CN,S,
RIA,Santa Maria Airport,Santa Maria,BR,M,
RIB,Capitán Av. Selin Zeitun Lopez Airport,Riberalta,BO,M,
RIC,Richmond International Airport,Richmond,US,L,
RIH,Scarlett Martinez International Airport,Río Hato,PA,S,MPRH Río Hato Army Air Base Captain Scarlett Martinez
RIW,Central Wyoming Regional Airport,Riverton,US,M,
RIX,Riga International Airport,Riga,LV,L,
RIY,Riyan Mukalla International Airport,Riyan,YE,M,ريان المكلا الدولي
RIZ,Rizhao Shanzihe Airport,Rizhao (Donggang),CN,M,
RJA,Rajahmundry Airport,Madhurapudi,IN,M,
RJH,Shah Mokhdum Airport,Rajshahi,BD,M,
RJK,Rijeka Airport,Omišalj,HR,M,Reka Rika Fiume
RJM,Marinda Airport,Waisai,ID,S,
RJN,Rafsanjan Airport,Rafsanjan,IR,M,
RKD,Knox County Regional Airport,Rockland,US,M,
RKE,Copenhagen Roskilde Airport,Roskilde,DK,M,København Copenhagen
RKI,Mentawai Airport,Sipura Island,ID,S,WIBR Rokot Sipora
RKS,Southwest Wyoming Regional Airport,Rock Springs,US,M,Rock Springs Sweetwater County
RKT,Ras Al Khaimah International Airport,Ras Al Khaimah,AE,M,
RKV,Reykjavik Airport,Reykjavik,IS,M,REK
RKZ,Xigaze Peace Airport / Shigatse Air Base,Xigazê (Samzhubzê),CN,M,
RLG,Rostock-Laage Airport,Laage,DE,M,
RLK,Bayannur Tianjitai Airport,Bavannur,CN,M,
RMA,Roma Airport,Roma,AU,M,
RMF,Marsa Alam International Airport,Marsa Alam,EG,M,
RMI,Federico Fellini International Airport,Rimini (RN),IT,M,Rimini Miramare Airport Rimini San Marino International Airport
RML,Colombo Ratmalana Airport,Colombo,LK,M,
RMO,Chişinău International Airport,Chişinău,MD,M,KIV
RMP,Rampart Airport,Rampart,US,S,
RMQ,Taichung International Airport / Ching Chuang Kang Air Base,Taichung (Qingshui),TW,M,臺中清泉崗機場
RMT,Rimatara Airport,Rimatara Island,PF,S,
RMU,Región de Murcia International Airport,Corvera,ES,M,
RMZ,Remezov Airport,Tobolsk,RU,M,Tobolsk New Ремезов УСТЙ
RNB,Ronneby Airport,Ronneby,SE,M,
RNJ,Yoron Airport,Yoron,JP,M,
RNL,Rennell/Tingoa Airport,Rennell Island,SB,S,
RNN,Bornholm Airport,Rønne,DK,M,Roenne
RNO,Reno Tahoe International Airport,Reno,US,L,
RNP,Rongelap Island Airport,Rongelap Island,MH,S,
RNS,Rennes-Saint-Jacques Airport,"Saint-Jacques-de-la-Lande, Ille-et-Vilaine",FR,M,Rennes Bretagne
ROA,Roanoke–Blacksburg Regional Airport,Roanoke,US,M,Woodrum Field
ROB,Roberts International Airport,Monrovia,LR,L,
ROC,Frederick Douglass Greater Rochester International Airport,Rochester,US,M,
ROI,Roi Et Airport,Roi Et,TH,M,
ROK,Rockhampton Airport,Rockhampton,AU,M,
ROO,Maestro Marinho Franco Airport,Rondonópolis,BR,M,SWRD Rondonópolis Airport
ROP,Rota International Airport,Rota Island,MP,M,
ROR,Babelthuap Airport,Babelthuap Island,PW,M,
ROS,Rosario Islas Malvinas International Airport,Rosario,AR,M,Fisherton Airport
ROT,Rotorua Regional Airport,Rotorua,NZ,M,
ROV,Platov International Airport,Rostov-on-Don,RU,L,УРРП Международный аэропорт Платов
ROW,Roswell Air Center Airport,Roswell,US,M,Roswell Army Air Field Walker Air Force Base
RPR,Swami Vivekananda Airport,Raipur,IN,M,VARP Mana Airport Raipur Airport
RQA,Ruoqiang Loulan Airport,Ruoqiang Town,CN,M,
RRG,Sir Charles Gaetan Duval Airport,Port Mathurin,MU,M,Plaine Corail
RRR,Raroia Airport,Raroia,PF,S,
RRS,Røros Airport,Røros,NO,M,Roros
RSA,Santa Rosa Airport,Santa Rosa,AR,M,
RSH,Russian Mission Airport,Russian Mission,US,S,
RSI,Red Sea International Airport,Hanak,SA,M,RSI
RST,Rochester International Airport,Rochester,US,M,
RSU,Yeosu Airport,Yeosu,KR,M,
RSW,Southwest Florida International Airport,Fort Myers,US,L,
RTA,Rotuma Airport,Rotuma,FJ,S,Elsee
RTB,Juan Manuel Gálvez International Airport,Coxen Hole,HN,M,Roatán Roatan International
RTG,Frans Sales Lega Airport,Satar Tacik,ID,S,WRKG Ruteng Satar Tacik Airport
RTM,Rotterdam The Hague Airport,Rotterdam,NL,M,Vliegveld Zestienhoven
RUA,Arua Airport,Arua,UG,M,
RUH,King Khaled International Airport,Riyadh,SA,L,Riyad
RUL,Maavaarulaa Airport,Maavaarulu,MV,S,
RUM,Rumjatar Airport,Rumjatar,NP,S,
RUN,Roland Garros Airport,Sainte-Marie,RE,L,Gillot Airport
RUR,Rurutu Airport,,PF,M,
RUS,Marau Airport,Marau,SB,S,
RUT,Rutland - Southern Vermont Regional Airport,Rutland,US,M,
RVE,Los Colonizadores Airport,Saravena,CO,S,El Eden Airport
RVK,"Rørvik Airport, Ryum",Rørvik,NO,M,
RVN,Rovaniemi Airport,Rovaniemi,FI,M,
RVV,Raivavae Airport,,PF,S,
RWN,Rivne International Airport,Rivne,UA,M,"Міжнародний аеропорт ""Рівне"""
RXS,Roxas Airport,Roxas City,PH,M,
RYB,Staroselye Airport,Rybinsk,RU,M,Аэропорт Староселье ЬУБК
RYK,Shaikh Zaid Airport,Rahim Yar Khan,PK,M,Rahim Yar Khan Airport
RYO,28 de Noviembre Airport,Rio Turbio,AR,S,El Turbio
RZE,Rzeszów-Jasionka Airport,Jasionka,PL,M,
RZR,Ramsar Airport,Ramsar,IR,M,
RZV,Rize–Artvin Airport,Rize,TR,M,
SAB,Juancho E. Yrausquin Airport,Saba,BQ,M,
SAF,Santa Fe Municipal Airport,Santa Fe,US,M,
SAG,Shirdi Airport,Kakadi,IN,M,Ahmednagar Saibaba
SAH,Sana'a International Airport,Sana'a,YE,M,
SAI,Siem Reap-Angkor International Airport,Siem Reap,KH,L,
SAL,Monseñor Óscar Arnulfo Romero International Airport,San Salvador (San Luis Talpa),SV,L,
SAN,San Diego International Airport,San Diego,US,L,Lindbergh Field
SAP,Ramón Villeda Morales International Airport,San Pedro Sula,HN,M,
SAQ,San Andros Airport,Andros Island,BS,M,
SAT,San Antonio International Airport,San Antonio,US,L,
SAV,Savannah Hilton Head International Airport,Savannah,US,L,
SAW,Istanbul Sabiha Gökçen International Airport,"Pendik, Istanbul",TR,L,Sabiha Gökçen Havalimanı
SBA,Santa Barbara Municipal Airport,Santa Barbara,US,M,
SBD,San Bernardino International Airport,San Bernardino,US,M,Norton AFB San Bernardino Air Depot
SBH,Saint Barthélemy - Rémy de Haenen Airport,Gustavia / Saint-Jean,BL,M,Saint Barthélemy Airport St. Jean Airport Aérodrome de St Jean Saint Barth St. Barts
SBN,South Bend Regional Airport,South Bend,US,M,
SBP,San Luis County Regional Airport,San Luis Obispo,US,M,SLO Airport
SBR,Saibai Island Airport,Saibai Island,AU,S,
SBT,Sabetta International Airport,Sabetta,RU,M,Oil & Gas Yamal LNG project Sabetta terminal port NOVATEK
SBW,Sibu Airport,Sibu,MY,M,
SBY,Salisbury Ocean City Wicomico Regional Airport,Salisbury,US,M,
SBZ,Sibiu International Airport,Sibiu,RO,M,
SCC,Deadhorse Airport,Deadhorse,US,M,
SCE,State College Regional Airport,State College,US,M,University Park
SCK,Stockton Metropolitan Airport,Stockton,US,M,
SCL,Comodoro Arturo Merino Benítez International Airport,Santiago,CL,L,
SCM,Scammon Bay Airport,Scammon Bay,US,S,
SCN,Saarbrücken Airport,Saarbrücken,DE,M,
SCO,Aktau Airport,Aktau,KZ,M,Akshukyr
SCQ,Santiago-Rosalía de Castro Airport,Santiago de Compostela,ES,L,
SCR,Scandinavian Mountains Airport,Malung-Sälen,SE,M,Sälens Flygplats Trysil
SCT,Socotra International Airport,Socotra Islands,YE,M,
SCU,Antonio Maceo International Airport,Santiago,CU,M,
SCV,Suceava Stefan cel Mare Airport,Suceava,RO,M,
SCW,Syktyvkar Airport,Syktyvkar,RU,M,
SCY,San Cristóbal Airport,Puerto Baquerizo Moreno,EC,S,
SCZ,Santa Cruz/Graciosa Bay/Luova Airport,Santa Cruz/Graciosa Bay/Luova,SB,S,
SDD,Lubango Airport,Lubango,AO,M,
SDE,Vicecomodoro Angel D. La Paz Aragonés Airport,Santiago del Estero,AR,M,
SDF,Louisville Muhammad Ali International Airport,Louisville,US,L,Louisville International Standiford Field
SDG,Sanandaj Airport,,IR,M,
SDJ,Sendai Airport,Natori,JP,L,
SDK,Sandakan Airport,Sandakan,MY,M,
SDL,Sundsvall-Härnösand Airport,Sundsvall/ Härnösand,SE,M,
SDN,"Sandane Airport, Anda",Sandane,NO,S,
SDP,Sand Point Airport,Sand Point,US,M,
SDQ,Las Américas International Airport,Santo Domingo,DO,L,Aeropuerto Internacional de Las Américas José Francisco Peña Gómez Intl
SDR,Seve Ballesteros-Santander Airport,Santander,ES,M,
SDS,Sado Airport,Sado,JP,M,
SDU,Santos Dumont Airport,Rio de Janeiro,BR,M,RIO
SDW,Sindhudurg Airport,Sindhudurg,IN,M,sindhudurg vosr sdw
SDY,Sidney - Richland Regional Airport,Sidney,US,M,
SEA,Seattle–Tacoma International Airport,Seattle,US,L,
SEB,Sabha Airport,Sabha,LY,M,Sebha
SEK,Srednekolymsk Airport,Srednekolymsk,RU,M,УЕСК Среднеколымск
SEN,London Southend Airport,"Southend-on-Sea, Essex",GB,M,RAF Rochford
SET,Santa Magalhães Airport,Serra Talhada,BR,S,
SEU,Seronera Airport,Seronera,TZ,S,
SEW,Siwa Oasis North Airport,Siwa Oasis,EG,S,HE24
SEZ,Seychelles International Airport,Mahe Island,SC,L,
SFA,Sfax Thyna International Airport,Sfax,TN,M,
SFB,Orlando Sanford International Airport,Orlando,US,L,
SFC,St-François Airport,St-François,GP,S,
SFG,Grand Case-Espérance Airport,Grand Case,MF,M,Aérodrome de Grand-Case Espérance CCE
SFJ,Kangerlussuaq Airport,Kangerlussuaq,GL,M,Bluie West 8 Sondrestrom Air Base Sondrestromfjord Air Base
SFL,São Filipe Airport,São Filipe,CV,S,Fogo Island
SFN,Sauce Viejo Airport,Santa Fe,AR,M,
SFO,San Francisco International Airport,San Francisco,US,L,QSF QBA
SFS,Subic Bay International Airport / Naval Air Station Cubi Point,Olongapo,PH,M,Paliparang Pandaigdig ng Look ng Subic Naval Air Station Cubi Point
SFT,Skellefteå Airport,Skellefteå,SE,M,
SGC,Surgut Airport,Surgut,RU,M,
SGD,Sønderborg Airport,Sønderborg,DK,M,Sonderborg Soenderborg
SGF,Springfield Branson National Airport,Springfield,US,M,
SGN,Tan Son Nhat International Airport,Ho Chi Minh City,VN,L,Tansonnhat Sài Gòn Saigon Sân bay Quốc tế Tân Sơn Nhất Tan Son Nhut Air Base Tan Son Nhut Airfield
SGO,St George Airport,,AU,S,
SGU,St George Regional Airport,St George,US,M,DXZ
SGY,Skagway Airport,Skagway,US,S,
SHA,Shanghai Hongqiao International Airport,Shanghai (Minhang),CN,L,
SHB,Nakashibetsu Airport,Nakashibetsu,JP,M,
SHC,Shire Inda Selassie Airport,Shire Inda Selassie,ET,S,Indaselassie Indasilase
SHD,Shenandoah Valley Regional Airport,Weyers Cave,US,M,Harrisonburg Staunton Waynesboro
SHE,Shenyang Taoxian International Airport,"Hunnan, Shenyang",CN,L,
SHF,Shihezi Huayuan Airport,Shihezi,CN,S,
SHG,Shungnak Airport,Shungnak,US,S,
SHH,Shishmaref Airport,Shishmaref,US,S,K09
SHJ,Sharjah International Airport,Sharjah,AE,L,
SHL,Shillong Airport,Shillong,IN,M,Barapani Airport Barapani Air Force Station Umroi Airport
SHM,Nanki Shirahama Airport,Shirahama,JP,M,
SHO,King Mswati III International Airport,Mpaka,SZ,L,Sikhuphe International Airport
SHR,Sheridan County Airport,Sheridan,US,M,
SHS,Jingzhou Shashi Airport,Jingzhou (Shashi),CN,M,
SHV,Shreveport Regional Airport,Shreveport,US,M,
SHW,Sharurah Domestic Airport,Sharurah,SA,M,
SHY,Shinyanga Airport,Shinyanga,TZ,S,
SID,Amílcar Cabral International Airport,Espargos,CV,L,Sal Island
SIF,Simara Airport,Simara,NP,S,
SIG,Fernando Luis Ribas Dominicci Airport,San Juan,PR,M,Isla Grande
SIH,Silgadi Doti Airport,Silgadi Doti,NP,S,
SIN,Singapore Changi Airport,Singapore,SG,L,RAF Changi
SIP,Simferopol International Airport,Simferopol,UA,M,
SIS,Sishen Airport,Sishen,ZA,M,
SIT,Sitka Rocky Gutierrez Airport,Sitka,US,M,
SJC,Norman Y. Mineta San Jose International Airport,San Jose,US,L,
SJD,Los Cabos International Airport,San José del Cabo,MX,L,
SJE,Jorge E. Gonzalez Torres Airport,San José Del Guaviare,CO,M,
SJI,San Jose Airport,San Jose,PH,M,McGuire Field
SJJ,Sarajevo International Airport,Sarajevo,BA,L,
SJK,Professor Urbano Ernesto Stumpf Airport,São José Dos Campos,BR,M,
SJL,São Gabriel da Cachoeira Airport,São Gabriel da Cachoeira,BR,M,Uaupés
SJO,Juan Santamaría International Airport,San José (Alajuela),CR,M,
SJP,Prof. Eribelto Manoel Reino State Airport,São José do Rio Preto,BR,M,São José do Rio Preto Airport
SJT,San Angelo Regional Mathis Field,San Angelo,US,M,
SJU,Luis Munoz Marin International Airport,San Juan,PR,L,Isla Verde
SJW,Shijiazhuang Zhengding International Airport,Shijiazhuang,CN,M,Daguocun
SJX,Sartaneja Airport,Sartaneja,BZ,M,
SJZ,São Jorge Airport,Velas,PT,M,
SKB,Robert L. Bradshaw International Airport,Basseterre,KN,M,
SKC,Suki Airport,Suki,PG,S,
SKD,Samarkand Airport,Samarkand,UZ,M,
SKG,Thessaloniki Macedonia International Airport,Thessaloniki,GR,L,Makedonia. Macedonia. Salonica
SKH,Surkhet Airport,Surkhet,NP,S,
SKK,Shaktoolik Airport,Shaktoolik,US,S,
SKN,"Stokmarknes Airport, Skagen",Hadsel,NO,M,Stokmarknes lufthavn Skagen
SKO,Sadiq Abubakar III International Airport,Sokoto,NG,M,
SKP,Skopje International Airport,Ilinden,MK,L,Petrovec
SKT,Sialkot International Airport,Sialkot,PK,M,
SKU,Skiros Airport,Skiros Island,GR,S,
SKX,Saransk Airport,Saransk,RU,M,Аэропорт Саранск
SKZ,Sukkur Airport,Mirpur Khas,PK,M,
SLA,Martin Miguel De Guemes International Airport,Salta,AR,M,
SLC,Salt Lake City International Airport,Salt Lake City,US,L,
SLD,Sliač Airport,Sliač,SK,M,
SLE,Salem-Willamette Valley Airport/McNary Field,Salem,US,M,4OR1
SLH,Sola Airport,Sola,VU,S,Vanua Lava Airport
SLI,Solwesi Airport,Solwesi,ZM,S,Solwezi Airport
SLK,Adirondack Regional Airport,Saranac Lake,US,M,
SLL,Salalah Airport,Salalah,OM,M,مطار صلالة
SLM,Salamanca Airport,Salamanca,ES,M,
SLN,Salina Municipal Airport,Salina,US,M,
SLP,Ponciano Arriaga International Airport,San Luis Potosí,MX,M,Estafeta
SLQ,Sleetmute Airport,Sleetmute,US,S,
SLU,George F. L. Charles Airport,Castries,LC,M,Vigie Airport
SLX,Salt Cay Airport,Salt Cay,TC,S,
SLY,Salekhard Airport,Salekhard,RU,M,
SLZ,Marechal Cunha Machado International Airport,São Luís,BR,M,
SMA,Santa Maria Airport,Vila do Porto,PT,M,
SMF,Sacramento International Airport,Sacramento,US,L,
SMI,Samos Airport,Samos Island,GR,M,
SMK,St Michael Airport,St Michael,US,S,5S8
SML,Stella Maris Airport,Stella Maris,BS,M,
SMN,Lemhi County Airport,Salmon,US,M,
SMQ,Sampit (Hasan) Airport,Sampit,ID,S,WRBS WAOS
SMR,Simón Bolívar International Airport,Santa Marta,CO,M,
SMS,Sainte Marie Airport,Vohilava,MG,M,
SMT,Adolino Bedin Regional Airport,Sorriso,BR,S,SDSS
SMX,Santa Maria Public Airport Captain G Allan Hancock Field,Santa Maria,US,M,
SNA,John Wayne Orange County International Airport,Santa Ana,US,L,Disney Disneyland Orange County
SNB,Snake Bay Airport,Milikapiti,AU,M,YSNB Austin Strip RAAF Melville Island
SNE,Preguiça Airport,Preguiça,CV,M,Sao Nicolau Island
SNN,Shannon Airport,Shannon,IE,L,
SNO,Sakon Nakhon Airport,,TH,M,
SNP,St Paul Island Airport,St Paul Island,US,M,Pribilof
SNR,Saint-Nazaire-Montoir Airport,Saint-Nazaire/Montoir,FR,M,
SNU,Abel Santamaria Airport,Santa Clara,CU,M,
SNW,Thandwe Airport,Thandwe,MM,M,
SNX,Semnan Municipal Airport,Semnan,IR,S,
SOB,Hévíz–Balaton Airport,Sármellék,HU,M,Sármellék International FlyBatalon Airport Batalon Airport Sármellék Nemzetközi Repülőtér
SOC,Adisumarmo International Airport,Surakarta,ID,M,WRSQ WARQ
SOD,Sorocaba Airport,Sorocaba,BR,S,
SOF,Sofia Airport,Sofia,BG,L,Sofia International Airport Vrazhdebna Air Base
SOG,"Sogndal Airport, Haukåsen",Sogndal,NO,S,Haukåsen
SOJ,Sørkjosen Airport,Sørkjosen,NO,M,
SON,Santo Pekoa International Airport,Luganville,VU,M,
SOQ,Domine Eduard Osok Airport,Sorong,ID,M,WAXX
SOU,Southampton Airport,Southampton,GB,M,RAF Eastleigh RAF Southampton
SOV,Seldovia Airport,Seldovia,US,S,
SOW,Show Low Regional Airport,Show Low,US,M,
SOY,Stronsay Airport,Stronsay,GB,S,
SPC,La Palma Airport,"Sta Cruz de la Palma, La Palma Island",ES,M,
SPD,Saidpur Airport,Saidpur,BD,M,
SPI,Abraham Lincoln Capital Airport,Springfield,US,M,
SPN,Saipan International Airport,"I Fadang, Saipan",MP,M,Francisco C. Ada
SPP,Menongue Airport,Menongue,AO,M,
SPR,John Greif II Airport,San Pedro,BZ,M,
SPS,Wichita Falls Municipal Airport / Sheppard Air Force Base,Wichita Falls,US,M,Sheppard Air Force Base
SPU,Split Airport,Kaštel Štafilić,HR,M,
SPX,Sphinx International Airport,Al Jiza,EG,M,
SQD,Shangrao Sanqingshan Airport,Shangrao,CN,M,
SQG,Tebelian Airport,Sintang,ID,M,
SQJ,Sanming Shaxian Airport,Sanming,CN,M,
SQL,San Carlos Airport,San Carlos,US,M,San Carlos-Belmont Airport San Mateo Country Airport
SRA,Luis Alberto Lehr Airport,Santa Rosa,BR,S,
SRE,Alcantarí Airport,Yamparaez,BO,M,
SRG,Achmad Yani Airport,Semarang,ID,M,WIIS WARS
SRL,Palo Verde Airport,Mulegé,MX,S,CIB PVP Chivato Bay San Bruno
SRN,Strahan Airport,,AU,S,
SRP,"Stord Airport, Sørstokken",Leirvik,NO,M,Sorstokken Sørstokken
SRQ,Sarasota Bradenton International Airport,Sarasota/Bradenton,US,L,
SRT,Soroti Airport,Soroti,UG,M,
SRV,Stony River 2 Airport,Stony River,US,S,
SRX,Sirt International Airport / Ghardabiya Airbase,Sirt,LY,M,Gardabiya Sirte
SRY,Sari Dasht-e Naz International Airport,Sari,IR,M,
SRZ,El Trompillo Airport,Santa Cruz,BO,M,
SSA,Deputado Luiz Eduardo Magalhães International Airport,Salvador,BR,L,Dois de Julho
SSG,Malabo Airport,Malabo,GQ,M,Fernando Poo
SSH,Sharm El Sheikh International Airport,Sharm El Sheikh,EG,L,
SSJ,"Sandnessjøen Airport, Stokka",Alstahaug,NO,M,
SSR,Sara Airport,Pentecost Island,VU,S,
SST,Santa Teresita Airport,Santa Teresita,AR,M,
SSW,Stuart Island Airpark,Friday Harbor,US,S,
SSY,Mbanza Congo Airport,Mbanza Congo,AO,M,
STC,Saint Cloud Regional Airport,Saint Cloud,US,M,
STD,Mayor Buenaventura Vivas International Airport,Santo Domingo,VE,M,
STG,St George Airport,St George,US,M,A8L
STI,Cibao International Airport,Santiago,DO,M,
STL,St. Louis Lambert International Airport,St Louis,US,L,Lambert St Louis
STM,Santarém - Maestro Wilson Fonseca International Airport,Santarém,BR,M,
STN,London Stansted Airport,London,GB,L,LON
STR,Stuttgart Airport,Stuttgart,DE,L,
STS,Charles M. Schulz Sonoma County Airport,Santa Rosa,US,M,
STT,Cyril E. King Airport,Charlotte Amalie,VI,M,Harry S. Truman Airport
STV,Surat Airport,Surat,IN,M,
STW,Stavropol Shpakovskoye Airport,Stavropol,RU,M,
STX,Henry E Rohlsen Airport,Christiansted,VI,M,
SUB,Juanda International Airport,Surabaya,ID,L,WRSJ
SUF,Lamezia Terme Sant'Eufemia International Airport,Lamezia Terme (CZ),IT,M,
SUG,Surigao Airport,Surigao City,PH,M,
SUI,Sukhumi Babushara /  Vladislav Ardzinba International Airport,Sukhumi,GE,M,Babushara Airport Sukhumi Dranda UG29 URAS
SUJ,Satu Mare International Airport,Satu Mare,RO,M,
SUK,Sakkyryr Airport,Batagay-Alyta,RU,S,УЕБС Саккырыр Батагаы-Алыта
SUN,Friedman Memorial Airport,Hailey,US,M,
SUR,Summer Beaver Airport,Summer Beaver,CA,S,JV7
SUV,Nausori International Airport,Nausori,FJ,M,
SUX,Sioux Gateway Airport / Brigadier General Bud Day Field,Sioux City,US,M,Col. Bud Day Sioux City AB Sioux City AAB
SUY,Suntar Airport,Suntar,RU,S,УЕНС Сунтар
SVA,Savoonga Airport,Savoonga,US,M,
SVB,Sambava Airport,Sambava,MG,M,
SVC,Grant County Airport,Silver City,US,M,
SVD,Argyle International Airport,Kingstown,VC,M,
SVG,"Stavanger Airport, Sola",Stavanger,NO,L,Sola Air Station Stavanger lufthavn Sola
SVI,Eduardo Falla Solano Airport,San Vicente Del Caguán,CO,M,
SVJ,"Svolvær Airport, Helle",Svolvær,NO,M,Svolvær lufthavn Helle
SVL,Savonlinna Airport,Savonlinna,FI,M,
SVO,Sheremetyevo International Airport,Moscow,RU,L,MOW Международный аэропорт Шереметьево svo sheremetyevo moscow
SVQ,Sevilla Airport,Sevilla,ES,M,
SVS,Stevens Village Airport,Stevens Village,US,S,
SVU,Savusavu Airport,Savusavu,FJ,S,
SVX,Koltsovo Airport,Yekaterinburg,RU,L,
SVZ,San Antonio Del Tachira Airport,,VE,M,
SWA,Jieyang Chaoshan International Airport,Jieyang (Rongcheng),CN,M,
SWF,New York Stewart International Airport,Newburgh,US,M,
SWJ,Southwest Bay Airport,Malekula Island,VU,S,
SWL,San Vicente Airport,San Vicente,PH,S,
SWO,Stillwater Regional Airport,Stillwater,US,M,
SWQ,Sumbawa Besar Airport,Sumbawa Island,ID,S,WRRS
SWX,Shakawe Airport,Shakawe,BW,S,
SXB,Strasbourg Airport,Strasbourg,FR,M,BA 124
SXK,Mathilda Batlayeri Airport,Saumlaki-Yamdena Island,ID,S,
SXM,Princess Juliana International Airport,Saint Martin,SX,L,
SXP,Nunam Iqua Airport,Nunam Iqua,US,S,Sheldon Point Airport
SXR,Sheikh ul Alam International Airport,Srinagar,IN,M,Srinagar Air Force Station
SYD,Sydney Kingsford Smith International Airport,Sydney (Mascot),AU,L,Kingsford Smith Mascot RAAF Station Mascot
SYM,Pu'er Simao Airport,Pu'er,CN,S,
SYO,Shonai Airport,Shonai,JP,M,
SYQ,Tobías Bolaños International Airport,San Jose,CR,M,Aeropuerto Internacional Tobías Bolaños Palma
SYR,Syracuse Hancock International Airport,Syracuse,US,L,
SYS,Saskylakh Airport,Saskylakh,RU,M,УЕРС Аэропорт Саскылах
SYU,Warraber Island Airport,Sue Islet,AU,S,
SYX,Sanya Phoenix International Airport,Sanya (Tianya),CN,L,
SYY,Stornoway Airport,"Stornoway, Western Isles",GB,M,Lewis
SYZ,Shiraz Shahid Dastghaib International Airport,Shiraz,IR,L,
SZA,Soyo Airport,Soyo,AO,M,
SZB,Sultan Abdul Aziz Shah International Airport,Subang,MY,M,
SZE,Semera Airport,Semera,ET,S,
SZF,Samsun-Çarşamba Airport,Samsun,TR,M,
SZG,Salzburg Airport,Salzburg,AT,M,Christophorus 6
SZI,Zaysan Airport,Zaysan,KZ,S,Zaisan
SZX,Shenzhen Bao'an International Airport,Shenzhen (Bao'an),CN,L,Baoan Huangtian Airport
SZY,Olsztyn-Mazury Airport,Szymany,PL,M,
SZZ,Solidarity Szczecin–Goleniów Airport,Glewice,PL,M,Solidarność
TAB,A.N.R. Robinson International Airport,Scarborough,TT,M,Tobago-Crown Point Airport
TAC,Daniel Z. Romualdez Airport,Tacloban City,PH,M,Tacloban Daniel Z. Romualdez Naval Station Dioscoro Papa
TAE,Daegu Airport,Daegu,KR,M,
TAG,Bohol-Panglao International Airport,Panglao,PH,M,
TAH,Tanna Airport,,VU,M,
TAI,Ta'izz International Airport,Ta'izz,YE,M,Ganed Airport
TAJ,Tadji Airport,Aitape,PG,S,
TAK,Takamatsu Airport,Takamatsu,JP,M,
TAL,Ralph M Calhoun Memorial Airport,Tanana,US,S,
TAM,General Francisco Javier Mina International Airport,Tampico,MX,M,
TAO,Qingdao Jiaodong International Airport,Qingdao (Jiaozhou),CN,L,
TAP,Tapachula International Airport,Tapachula,MX,M,Aeropuerto Internacional de Tapachula
TAS,Tashkent International Airport,Tashkent,UZ,L,
TAT,Poprad-Tatry Airport,Poprad,SK,M,
TAY,Tartu Airport,Tartu,EE,M,
TAZ,Daşoguz Airport,Daşoguz,TM,M,Tashauz Airport Dashkhovuz Dashhowuz Dashoguz Dasoguz Дашогуз
TBB,Dong Tac Airport,Tuy Hoa,VN,M,
TBG,Tabubil Airport,Tabubil,PG,S,
TBH,Tugdan Airport,Tablas Island,PH,M,Romblon Airport Alcantara Barangay Tugdan Tablas Airport
TBI,New Bight Airport,Cat Island,BS,M,
TBJ,Tabarka-Aïn Draham International Airport,Tabarka,TN,M,Tabarka 7 Novembre Airport
TBM,Tumbang Samba Airport,Tumbang Samba-Borneo Island,ID,S,WRBW
TBN,Waynesville-St. Robert Regional Airport-Forney Field,Fort Leonard Wood,US,M,
TBO,Tabora Airport,Tabora,TZ,S,
TBP,Captain Pedro Canga Rodríguez International Airport,Tumbes,PE,M,Capitan FAP Pedro Canga Rodriguez
TBS,Tbilisi International Airport,Tbilisi,GE,L,თბილისის საერთაშორისო აეროპორტი
TBT,Tabatinga Airport,Tabatinga,BR,M,
TBU,Fua'amotu International Airport,Nuku'alofa,TO,M,
TBZ,Tabriz International Airport,Tabriz,IR,M,IRIAF
TCA,Tennant Creek Airport,Tennant Creek,AU,M,
TCB,Treasure Cay Airport,Treasure Cay,BS,M,
TCD,Tarapacá Airport,Tarapacá,CO,S,
TCG,Tacheng Qianquan Airport,Tacheng,CN,S,
TCO,La Florida Airport,Tumaco,CO,M,
TCP,Taba International Airport,Taba,EG,M,
TCQ,Coronel FAP Carlos Ciriani Santa Rosa International Airport,Tacna,PE,M,
TCR,Tuticorin Airport,Vagaikulam,IN,S,VO80 Tuticorin Southwest Airport Thoothukudi
TCT,Takotna Airport,Takotna,US,S,
TCZ,Tengchong Tuofeng Airport,Baoshan (Tengchong),CN,M,
TDG,Tandag Airport,Tandag,PH,M,
TDK,Taldykorgan Airport,Taldykorgan,KZ,M,Taldy Kurgan Airport Taldy Kurgan Northeast Airport Аэропорт Талды-Курган
TDS,Sasereme Airport,Sasereme,PG,S,
TDX,Trat Airport,Laem Ngop,TH,M,
TEB,Teterboro Airport,Teterboro,US,M,Manhattan New York City NYC
TEE,Cheikh Larbi Tébessi Airport,Tébessi,DZ,M,
TEK,Tatitlek Airport,Tatitlek,US,S,
TEN,Tongren Fenghuang Airport,Tongren (Daxing),CN,M,
TEQ,Tekirdağ Çorlu Airport,Çorlu,TR,M,
TER,Lajes Airport,Praia da Vitória,PT,M,Terceira Island
TET,Chingozi Airport,Tete,MZ,M,
TEX,Telluride Regional Airport,Telluride,US,M,
TEZ,Tezpur Airport,,IN,M,Salonibari Airport Tezpur Air Force Station
TFF,Tefé Airport,Tefé,BR,M,
TFI,Tufi Airport,Tufi,PG,S,
TFN,Tenerife Norte-Ciudad de La Laguna Airport,Tenerife,ES,M,Canary Islands Los Rodeos TCI
TFS,Tenerife Sur Airport,Tenerife,ES,L,Canary Islands Reina Sofía TCI Tenerife South
TFU,Chengdu Tianfu International Airport,Chengdu (Jianyang),CN,L,
TGD,Podgorica Airport / Podgorica Golubovci Airbase,Podgorica,ME,L,Podgorica Airbase Golubovci Airbase Аеродром Подгорица Aerodrom Podgorica
TGG,Sultan Mahmud Airport,Kuala Terengganu,MY,M,
TGH,Tongoa Airport,Tongoa Island,VU,S,
TGJ,Tiga Airport,Tiga,NC,M,
TGK,Taganrog Yuzhny Airport,Taganrog,RU,M,Taganrog South Airport Аэропорт Таганрог Южный
TGM,Târgu Mureş Transilvania International Airport,Recea,RO,M,Vidrasau Vidrasău
TGO,Tongliao Airport,Tongliao,CN,M,
TGQ,Tangará da Serra Airport,Tangará da Serra,BR,S,
TGR,Touggourt Sidi Madhi Airport,Touggourt,DZ,M,
TGT,Tanga Airport,Tanga,TZ,M,
TGU,Toncontín International Airport,Tegucigalpa,HN,M,
TGZ,Angel Albino Corzo International Airport,Tuxtla Gutiérrez,MX,M,
THD,Tho Xuan Airport,Thanh Hóa,VN,S,Bai Thuong
THE,Senador Petrônio Portela Airport,Teresina,BR,M,
THG,Thangool Airport,Biloela,AU,M,
THL,Tachileik Airport,Tachileik,MM,M,
THN,Trollhättan-Vänersborg Airport,Trollhättan,SE,M,
THO,Þórshöfn Airport,Þórshöfn,IS,S,Thorshofn
THQ,Tianshui Maijishan Airport,Tianshui (Maiji),CN,M,Tianshui Air Base 天水麦积山机场 ZBEE
THR,Mehrabad International Airport,Tehran,IR,L,
THS,Sukhothai Airport,,TH,M,
THU,Pituffik Space Base,Pituffik,GL,M,Thule Air Base
THX,Turukhansk Airport,Turukhansk,RU,S,
TIA,Tirana International Airport Nënë Tereza,,AL,L,
TIC,Tinak Airport,Arno Atoll,MH,S,
TIE,Tippi Airport,Tippi,ET,S,
TIF,Ta’if Regional Airport,Ta’if,SA,M,Taif Airport
TIH,Tikehau Airport,,PF,M,
TIJ,General Abelardo L. Rodriguez International Airport,Tijuana,MX,L,
TIM,Mozes Kilangin Airport,Timika,ID,M,WABP
TIN,Tindouf Airport,Tindouf,DZ,M,
TIQ,Tinian International Airport,Tinian Island,MP,M,
TIR,Tirupati Airport,Tirupati,IN,S,
TIU,Timaru Airport,,NZ,M,
TIV,Tivat Airport,Tivat,ME,M,Аеродром Тиват Aerodrom Tivat Zračna luka Tivat
TIW,Tacoma Narrows Airport,Tacoma,US,M,
TIZ,Tari Airport,Tari,PG,S,
TJA,Capitan Oriel Lea Plaza Airport,Tarija,BO,M,
TJG,Warukin Airport,Tanta-Tabalong,ID,M,WRBN
TJH,Konotori Tajima Airport,Toyooka,JP,M,tajima toyooka
TJK,Tokat Airport,Tokat,TR,M,
TJL,Plínio Alarcom Airport,Três Lagoas,BR,S,SSTL Três Lagoas Airport
TJM,Roshchino International Airport,Tyumen,RU,M,
TJQ,H A S Hanandjoeddin International Airport,Tanjung Pandan,ID,S,Buluh Tumbang Airport WIKD WIOD
TJS,Tanjung Harapan Airport,Tanjung Selor-Borneo Island,ID,S,
TJU,Kulob Airport,Kulyab,TJ,M,
TKD,Takoradi Airport,Sekondi-Takoradi,GH,M,
TKF,Truckee Tahoe Airport,Truckee,US,M,
TKG,Radin Inten II International Airport,Bandar Lampung,ID,M,WIIT WICT
TKJ,Tok Junction Airport,Tok,US,S,
TKK,Chuuk International Airport,Weno Island,FM,M,
TKM,Taksimo Airport,Taksimo,RU,S,
TKN,Tokunoshima Airport,Amagi,JP,M,
TKP,Takapoto Airport,,PF,M,
TKQ,Kigoma Airport,Kigoma,TZ,S,
TKS,Tokushima Awaodori Airport / JMSDF Tokushima Air Base,Tokushima,JP,M,Tokushima
TKU,Turku Airport,Turku,FI,M,
TKV,Tatakoto Airport,Tatakoto,PF,S,
TKX,Takaroa Airport,,PF,M,
TLA,Teller Airport,Teller,US,S,
TLC,Adolfo López Mateos International Airport,Toluca,MX,M,Aeropuerto Internacional Adolfo López Mateos
TLD,Tuli Lodge Airport,Tuli Lodge,BW,S,FBLV Limpopo Valley
TLE,Toliara Airport,Toliara,MG,M,
TLH,Tallahassee Regional Airport,Tallahassee,US,M,
TLL,Lennart Meri Tallinn Airport,Tallinn,EE,L,
TLM,Zenata – Messali El Hadj Airport,Zenata,DZ,M,Tlemcen
TLN,Toulon-Hyères Airport,"Hyères, Var",FR,M,La Palyvestre Toulon
TLQ,Turpan Jiaohe Airport,Turpan,CN,M,
TLS,Toulouse-Blagnac Airport,Toulouse/Blagnac,FR,L,
TLT,Tuluksak Airport,Tuluksak,US,S,
TLU,Golfo de Morrosquillo Airport,Santiago de Tolú,CO,S,
TLV,Ben Gurion International Airport,Tel Aviv,IL,L,
TLY,Plastun Airport,Plastun,RU,S,Аэропорт Пластун
TMC,Tambolaka Airport,Radamata,ID,S,WRRT WADT
TME,Gustavo Vargas Airport,Tame,CO,M,
TMF,Thimarafushi Airport,Thimarafushi,MV,S,
TMG,Tomanggong Airport,Tomanggong,MY,S,
TMH,Tanah Merah Airport,Tanah Merah,ID,M,
TMI,Tumling Tar Airport,Tumling Tar,NP,S,
TMJ,Termez Airport,Termez,UZ,M,
TML,Tamale Airport,Tamale,GH,M,
TMM,Toamasina Ambalamanasy Airport,Toamasina,MG,M,
TMP,Tampere-Pirkkala Airport,Tampere / Pirkkala,FI,M,
TMR,Aguenar – Hadj Bey Akhamok Airport,Tamanrasset,DZ,M,
TMS,São Tomé International Airport,São Tomé,ST,L,
TMT,Trombetas Airport,Oriximiná,BR,M,Porto Trombetas
TMW,Tamworth Airport,Tamworth,AU,M,
TMX,Timimoun Airport,Timimoun,DZ,M,
TNA,Jinan Yaoqiang International Airport,Jinan (Licheng),CN,L,
TNC,Tin City Long Range Radar Station Airport,Tin City,US,S,
TND,Alberto Delgado Airport,Trinidad,CU,M,
TNE,New Tanegashima Airport,Tanegashima,JP,M,
TNG,Tangier Ibn Battuta Airport,Tangier,MA,M,Tanger-Boukhalef Airport Aéroport de Tanger-Ibn Battouta
TNH,Tonghua Sanyuanpu Airport,Tonghua,CN,M,Tonghua Liuhe Airport
TNJ,Raja Haji Fisabilillah International Airport,Tanjung Pinang-Bintan Island,ID,S,WIKN
TNK,Tununak Airport,Tununak,US,S,
TNM,Teniente Rodolfo Marsh Martin Airport,Villa Las Estrellas,AQ,S,
TNN,Tainan International Airport / Tainan Air Base,Tainan (Rende),TW,M,臺南機場 臺南航空站
TNR,Ivato Airport,Antananarivo,MG,L,
TOB,Tobruk International Airport,Adam,LY,S,Gamal Abdel Nasser
TOD,Tioman Airport,Tioman Island,MY,M,Kampung Tekek Sultan Ahmad Shah
TOE,Tozeur Nefta International Airport,Tozeur,TN,M,
TOF,Bogashevo Airport,Tomsk,RU,M,
TOG,Togiak Airport,Togiak Village,US,S,
TOL,Eugene F. Kranz Toledo Express Airport,Toledo,US,M,
TOM,Timbuktu Airport,Timbuktu,ML,M,Timbuctoo Airport Tombouctou Airport Tumbutu Airport Tombouktou Airport
TOS,"Tromsø Airport, Langnes",Tromsø,NO,L,Langnes Tromsøya Tromso
TOU,Touho Airport,Touho,NC,M,
TOW,Toledo - Luiz Dalcanale Filho Municipal Airport,Toledo,BR,S,
TOY,Toyama Airport,Toyama,JP,M,
TPA,Tampa International Airport,Tampa,US,L,
TPE,Taiwan Taoyuan International Airport,Taoyuan,TW,L,Taoyuan County Dayuan District. 臺灣桃園國際機場
TPI,Tapini Airport,Tapini,PG,S,
TPJ,Taplejung Airport,Taplejung,NP,M,Suketar Airport
TPP,Cadete FAP Guillermo Del Castillo Paredes Airport,Tarapoto,PE,M,
TPQ,Amado Nervo National Airport,Tepic,MX,M,Tepic Airport
TPS,Vincenzo Florio Airport Trapani-Birgi,Trapani (TP),IT,M,Vincenzo Florio Airport Trapani Airport Aeroporto Vincenzo Florio di Trapani-Birgi
TQO,Felipe Carrillo Puerto International Airport,Tulum,MX,M,
TRA,Tarama Airport,Tarama,JP,M,
TRC,Francisco Sarabia Tinoco International Airport,Torreón,MX,M,
TRD,"Trondheim Airport, Værnes",Trondheim,NO,L,
TRE,Tiree Airport,Balemartine,GB,M,Inner Hebrides
TRF,"Sandefjord Airport, Torp",Torp,NO,M,
TRG,Tauranga Airport,Tauranga,NZ,M,
TRI,Tri-Cities Regional TN/VA Airport,Blountville,US,M,
TRK,Juwata International Airport / Suharnoko Harbani AFB,Tarakan,ID,M,WRLR WALR WAQQ TRK JUWATA TARAKAN
TRN,Turin Airport,Caselle Torinese (TO),IT,L,Torino-Caselle Airport Sandro Pertini Airport Turin-Caselle Airport
TRR,China Bay Airport,Trincomalee,LK,M,SLAF China Bay RAF China Bay Trincomalee Airport
TRS,Trieste–Friuli Venezia Giulia Airport,Ronchi dei Legionari (GO),IT,M,Ronchi Dei Legionari Airport Trieste-Ronchi dei Legionari Airport
TRT,Toraja Airport,Toraja,ID,M,
TRU,Capitan FAP Carlos Martinez De Pinillos International Airport,Trujillo,PE,M,
TRV,Thiruvananthapuram International Airport,Thiruvananthapuram,IN,L,Thiruvananthapuram International Airport Trivandrum Air Force Station
TRW,Bonriki International Airport,Tarawa,KI,M,Bonriki Mullinix
TRZ,Tiruchirappalli International Airport,Tiruchirappalli,IN,M,Trichy Trichinopoly RAF Kajamalai
TSA,Taipei Songshan Airport,Taipei City,TW,M,Sungshan Airport 台北松山機場 臺北松山機場
TSF,Treviso Antonio Canova Airport,Treviso (TV),IT,M,Venice-Treviso Treviso-Sant'Angelo
TSH,Tshikapa Airport,Tshikapa,CD,S,
TSJ,Tsushima Airport,Tsushima,JP,M,
TSM,Taos Regional Airport,Taos,US,M,
TSN,Tianjin Binhai International Airport,Tianjin,CN,L,
TSR,Timişoara Traian Vuia Airport,Timişoara,RO,M,RoAF 93rd Air Base Giarmata Airport Temesvár Temeschburg Temeswar Temeschwar Тимишоара Темишвар Temišvar Banat
TST,Trang Airport,Trang,TH,M,
TSV,Townsville Airport / RAAF Base Townsville,Townsville,AU,M,RAAF Base Garbutt RAAF Base Townsville
TTA,Tan Tan Airport,Tan Tan,MA,M,Plage Blanche Airport
TTE,Sultan Babullah Airport,Sango,ID,M,
TTG,General Enrique Mosconi Airport,Tartagal,AR,M,
TTJ,Tottori Sand Dunes Conan Airport,Tottori,JP,M,tottori
TTN,Trenton Mercer Airport,Ewing Township,US,M,
TTS,Tsaratanana Airport,Tsaratanana,MG,S,
TTT,Taitung Airport,Taitung City,TW,M,Fengnin Airport 台東機場
TTU,Sania Ramel Airport,Tétouan,MA,M,Saniat R'mel Saniet R'mel
TUA,Lieutenant Colonel Luis A. Mantilla International Airport,Tulcán,EC,M,Teniente Coronel Luis A. Mantilla
TUB,Tubuai Airport,,PF,M,
TUC,Teniente Benjamin Matienzo Airport,San Miguel de Tucumán,AR,M,
TUD,Tambacounda Airport,Tambacounda,SN,M,
TUF,Tours Val de Loire Airport,"Tours, Indre-et-Loire",FR,M,Aéroport Tours-Val de Loire Loire Valley
TUG,Tuguegarao Airport,Tuguegarao City,PH,M,Tugegarao
TUI,Turaif Domestic Airport,Turaif,SA,M,
TUK,Turbat International Airport,Turbat,PK,M,
TUL,Tulsa International Airport,Tulsa,US,L,
TUN,Tunis Carthage International Airport,Tunis,TN,L,Aéroport international de Tunis-Carthage مطار تونس قرطاج الدولي
TUO,Taupo Airport,Taupo,NZ,M,
TUP,Tupelo Regional Airport,Tupelo,US,M,
TUR,Tucuruí Airport,Tucuruí,BR,M,
TUS,Tucson International Airport / Morris Air National Guard Base,Tucson,US,M,tucson tucson international morris angb
TUU,Tabuk Airport,Tabuk,SA,M,
TVA,Morafenobe Airport,Morafenobe,MG,S,
TVC,Cherry Capital Airport,Traverse City,US,M,
TVF,Thief River Falls Regional Airport,Thief River Falls,US,M,
TVS,Tangshan Sannühe Airport,Tangshan (Fengrun),CN,S,Tangshan Air Base 唐山三女河机场
TVU,Matei Airport,Matei,FJ,S,Taveuni
TVY,Dawei Airport,Dawei,MM,M,
TWA,Twin Hills Airport,Twin Hills,US,S,AK63
TWC,Tumxuk Tangwangcheng Airport,Tumxuk,CN,S,
TWF,Joslin Field Magic Valley Regional Airport,Twin Falls,US,M,
TWT,Sanga Sanga Airport,Bongao,PH,M,SGS
TWU,Tawau Airport,Tawau,MY,M,
TXE,Rembele Airport,Takengon,ID,M,
TXK,Texarkana Regional Airport (Webb Field),Texarkana,US,M,
TXN,Tunxi International Airport,Huangshan,CN,M,
TYF,Torsby Airport,Torsby,SE,M,
TYL,Captain Victor Montes Arias International Airport,Talara,PE,M,Capitan FAP Victor Montes Arias
TYN,Taiyuan Wusu Airport,Taiyuan,CN,L,
TYR,Tyler Pounds Regional Airport,Tyler,US,M,
TYS,McGhee Tyson Airport,Alcoa,US,M,Knoxville
TZA,Sir Barry Bowen Municipal Airport,Belize City,BZ,M,Belize City Municipal
TZL,Tuzla International Airport,Dubrave Gornje,BA,M,
TZN,Congo Town Airport,Andros,BS,M,Congotown Airport South Andros Airport
TZX,Trabzon International Airport,Trabzon,TR,M,
UAH,Ua Huka Airport,Ua Huka,PF,S,
UAK,Narsarsuaq Airport,Narsarsuaq,GL,M,Mittarfik Narsarsuaq
UAP,Ua Pou Airport,Ua Pou,PF,S,
UAQ,Domingo Faustino Sarmiento Airport,San Juan,AR,M,
UBA,Mário de Almeida Franco Airport,Uberaba,BR,M,
UBB,Mabuiag Island Airport,Mabuiag Island,AU,S,
UBJ,Yamaguchi Ube Airport,Ube,JP,M,
UBN,Ulaanbaatar Chinggis Khaan International Airport,Ulaanbaatar (Sergelen),MN,L,Khöshig Valley
UBP,Ubon Ratchathani Airport,Ubon Ratchathani,TH,M,
UCB,Ulanqab Jining Airport,Ulanqab,CN,M,
UCT,Ukhta Airport,Ukhta,RU,M,
UDI,Ten. Cel. Aviador César Bombonato Airport,Uberlândia,BR,M,
UDJ,Uzhhorod International Airport,Uzhhorod,UA,M,"Міжнародний аеропорт ""Ужгород"""
UDR,Maharana Pratap Airport,Udaipur,IN,M,Dabok Airport
UEL,Quelimane Airport,Quelimane,MZ,M,
UEO,Kumejima Airport,Kumejima,JP,M,
UET,Quetta International Airport,Quetta,PK,M,
UFA,Ufa International Airport,Ufa,RU,L,Международный аэропорт Уфа
UGA,Bulgan Airport,Bulgan,MN,M,
UGC,Urgench Airport,Urgench,UZ,M,
UGU,Bilogai-Sugapa Airport,Sugapa,ID,M,WABV Zugapa
UIB,El Caraño Airport,Quibdó,CO,M,
UIH,Phu Cat Airport,Quy Nohn,VN,M,Phucat
UII,Utila Airport,Utila Island,HN,S,
UIN,Quincy Regional Airport Baldwin Field,Quincy,US,M,
UIO,Mariscal Sucre International Airport,Quito,EC,L,Nuevo Aeropuerto Internacional Mariscal Sucre
UIT,Jaluit Airport,Jabor Jaluit Atoll,MH,S,
UJE,Ujae Atoll Airport,Ujae Atoll,MH,S,
UKB,Kobe Airport,Kobe,JP,M,
UKE,Utkela Airport,Bhawanipatna,IN,S,
UKG,Ust-Kuyga Airport,Ust-Kuyga,RU,S,УЕБТ Аэропорт Усть-Куйга
UKK,Ust-Kamenogorsk Airport,Ust-Kamenogorsk (Oskemen),KZ,M,Ust-Kamennogorsk Airport Аэропорт Усть-Каменногорск
UKU,Nuku Airport,Nuku,PG,S,
UKX,Ust-Kut Airport,Ust-Kut,RU,M,Аэропорт Усть-Кут
ULB,Uléi Airport,Ambrym Island,VU,S,
ULG,Ölgii Mongolei Airport,Ölgii,MN,S,Ulgii Mongolei
ULH,Majeed Bin Abdulaziz Airport,Al Ula,SA,M,
ULK,Lensk Airport,Lensk,RU,M,
ULO,Ulaangom Airport,Ulaangom,MN,S,
ULP,Quilpie Airport,,AU,M,
ULU,Gulu Airport,Gulu,UG,M,
ULV,Ulyanovsk Baratayevka Airport,Ulyanovsk,RU,M,
ULY,Ulyanovsk East Airport,Cherdakly,RU,M,Ulyanovsk Vostochny Airport
ULZ,Donoi Airport,Uliastai,MN,S,New Uliastai Airport
UME,Umeå Airport,Umeå,SE,M,
UMS,Ust-Maya Airport,Ust-Maya,RU,S,УЕМУ Аэропорт Усть-Мая
UMU,Orlando de Carvalho Airport,Umuarama,BR,S,
UNA,Una-Comandatuba Airport,Una,BR,S,Hotel Transamérica
UNG,Kiunga Airport,Kiunga,PG,S,
UNI,Union Island International Airport,Union Island,VC,M,
UNK,Unalakleet Airport,Unalakleet,US,M,
UNN,Ranong Airport,Ranong,TH,M,
UOL,Buol - Pogogul Airport,Buol-Celebes Island,ID,S,Pogogul Airport Pangtiku Airport
UPG,Hasanuddin International Airport,Ujung Pandang,ID,L,
UPN,Uruapan - Licenciado y General Ignacio Lopez Rayon International Airport,Uruapan,MX,M,
URA,Uralsk Airport,Uralsk,KZ,M,Podstepnyy
URC,Ürümqi Diwopu International Airport,Ürümqi,CN,L,
URE,Kuressaare Airport,Kuressaare,EE,M,
URG,Rubem Berta Airport,Uruguaiana,BR,M,Ruben Berta
URJ,Uray Airport,Uray,RU,M,Urai
URS,Kursk East Airport,Kursk,RU,M,Kursk Vostochny Airport
URT,Surat Thani Airport,Surat Thani,TH,M,
URY,Gurayat Domestic Airport,Gurayat,SA,M,Guriat Airport
USA,Concord-Padgett Regional Airport,Concord,US,M,"3N8 ""NASCAR's Airport"""
USH,Malvinas Argentinas Airport,Ushuaia,AR,M,
USJ,Usharal Airport,Usharal,KZ,S,Enbekshi Airport
USK,Usinsk Airport,Usinsk,RU,M,
USM,Samui Airport,Na Thon (Ko Samui Island),TH,M,
USN,Ulsan Airport,Ulsan,KR,M,
USR,Ust-Nera Airport,Ust-Nera,RU,M,УЕМТ Аэропорт Усть-Нера
UST,Northeast Florida Regional Airport,St Augustine,US,M,St Augustine Airport NAAS St. Augustine
USU,Francisco B. Reyes (Busuanga) Airport,Coron,PH,M,Busuanga Airport
UTH,Udon Thani Airport,Udon Thani,TH,M,
UTN,Pierre Van Ryneveld Airport,Upington,ZA,M,
UTO,Indian Mountain LRRS Airport,Utopia Creek,US,M,
UTP,U-Tapao International Airport,Rayong,TH,M,Utapao U-Taphao U-Tapao Royal Thai Navy Airfield
UTT,K. D. Matanzima Airport,Mthatha,ZA,M,Umtata
UUA,Bugulma Airport,Bugulma,RU,M,УВКБ Аэропорт Бугульма
UUD,Baikal International Airport,Ulan Ude,RU,M,Mukhino Airport Ulan-Ude Airport
UUS,Yuzhno-Sakhalinsk Airport,Yuzhno-Sakhalinsk,RU,M,Аэропорт Южно-Сахалинск Khomutovo
UVE,Ouvéa Airport,Ouvéa,NC,M,
UVF,Hewanorra International Airport,Vieux Fort,LC,L,
UVI,União da Vitória Airport,União da Vitória,BR,S,José Cleto QVB
UYL,Nyala Airport,Nyala,SD,M,
UYN,Yulin Yuyang Airport,Yulin,CN,S,
UZR,Urzhar Airport,Urzhar,KZ,S,Urdzhar Үржар Урджар
VAA,Vaasa Airport,Vaasa,FI,M,
VAI,Vanimo Airport,Vanimo,PG,M,
VAK,Chevak Airport,Chevak,US,S,
VAL,Valença Airport,Valença,BR,S,
VAM,Villa International Airport Maamigili,Maamigili,MV,M,
VAN,Van Ferit Melen Airport,Van,TR,M,
VAO,Suavanao Airport,Suavanao,SB,S,
VAQ,Vanavara Airport,Vanavara,RU,M,Аэропорт Ванавара
VAR,Varna Airport,Varna,BG,L,Aksakovo
VAS,Sivas Nuri Demirağ Airport,Sivas,TR,S,
VAV,Vava'u International Airport,Vava'u Island,TO,M,Vavau Lupepau'u
VAW,"Vardø Airport, Svartnes",Vardø,NO,M,
VBS,Brescia Gabriele d'Annunzio Airport,Montichiari (BS),IT,M,Brescia-Montichiari
VBV,Vanua Balavu Airport,Vanua Balavu,FJ,S,Vanuabalavu
VBY,Visby Airport,Visby,SE,M,
VCA,Can Tho International Airport,Can Tho,VN,M,Binh Thuy Air Base Trà Nóc Airport
VCE,Venice Marco Polo Airport,Venezia (VE),IT,L,Venezia-Tessera Venice-Tessera
VCL,Chu Lai Airport,Tam Nghĩa,VN,S,chu lai air base
VCP,Viracopos International Airport,Campinas,BR,M,
VCS,Con Dao Airport,Con Dao,VN,M,Conson Airport
VCT,Victoria Regional Airport,Victoria,US,M,
VDC,Glauber de Andrade Rocha Airport,Vitória da Conquista,BR,M,SSVC
VDE,El Hierro Airport,El Hierro Island,ES,M,Hierro El Hierro
VDH,Dong Hoi Airport,Dong Hoi,VN,M,
VDM,Gobernador Castello Airport,Viedma / Carmen de Patagones,AR,M,
VDO,Van Don International Airport,Van Don,VN,M,Cẩm Phả Sân bay Quốc tế Vân Đồn
VDS,Vadsø Airport,Vadsø,NO,M,
VDZ,Valdez Pioneer Field,Valdez,US,M,Valdez Number 2
VEE,Venetie Airport,Venetie,US,S,
VEL,Vernal Regional Airport,Vernal,US,M,
VEO,Severo-Yeniseysk Airport,Severo-Yeniseysk,RU,M,Severo-Eniseisk Airport Аэропорт Северо-Енисейск
VER,General Heriberto Jara International Airport,Veracruz,MX,M,
VFA,Victoria Falls International Airport,Victoria Falls,ZW,M,
VGA,Vijayawada Airport,Gannavaram,IN,M,
VGO,Vigo Airport,Vigo,ES,M,
VHM,Vilhelmina South Lapland Airport,Vilhelmina,SE,M,
VHV,Verkhnevilyuisk Airport,Verkhnevilyuisk,RU,S,УЕНИ Verkhneviluisk Airport Verhnevilyuisk Airport Verhneviluisk Airport Аэропорт Верхневилюйск
VIE,Vienna International Airport,Vienna,AT,L,
VIG,Juan Pablo Pérez Alfonso Airport,El Vigía,VE,M,
VII,Vinh Airport,Vinh,VN,M,
VIJ,Virgin Gorda Airport,Spanish Town,VG,S,
VIL,Dakhla Airport,Dakhla,EH,M,GSVO Villa Cisneros Dajla Oued Ed-Dahab
VIT,Vitoria Airport,Alava,ES,M,Vitoria Foronda
VIX,Eurico de Aguiar Salles Airport,Vitória,BR,L,
VJB,Xai-Xai Chongoene Airport,Xai-Xai,MZ,S,
VKG,Rach Gia Airport,Rach Gia,VN,M,
VKO,Vnukovo International Airport,Moscow,RU,L,MOW Международный аэропорт Внуково
VKT,Vorkuta Airport,Vorkuta,RU,M,
VLC,Valencia Airport,Valencia,ES,M,
VLD,Valdosta Regional Airport,Valdosta,US,M,
VLI,Bauerfield International Airport,Port Vila,VU,L,Efate Field Vila Field McDonald Field Bauer Field
VLL,Valladolid Airport,Valladolid,ES,M,
VLN,Arturo Michelena International Airport,Valencia,VE,M,
VLS,Valesdir Airport,Epi Island,VU,S,
VLV,Dr. Antonio Nicolás Briceño Airport,Valera,VE,M,
VLY,Anglesey Airport,Angelsey,GB,M,Maes Awyr Môn RAF Valley
VMU,Baimuru Airport,Baimuru,PG,M,
VNO,Vilnius International Airport,Vilnius,LT,L,
VNS,Lal Bahadur Shastri Airport,Varanasi,IN,M,VIBN Babatpur Airport Varanasi Airport
VNX,Vilankulo Airport,Vilanculo,MZ,M,Vilanculos Airport
VOG,Volgograd International Airport,Volgograd,RU,M,Gumrak Airport Аэропорт Волгоград Аэропорт Гумрак
VOL,Nea Anchialos National Airport,Nea Anchialos,GR,M,Volos Central Greece Airport Volos Nea Anchialos Airport of Central Greece
VOZ,Voronezh International Airport,Voronezh,RU,M,Chertovitskoye Airport Chertovitskoe Airport Аэропорт Воронеж Аэропорт Чертовицкое
VPE,Ngjiva Pereira Airport,Ngiva,AO,M,Ngiva Airport NGV Ondjiva 11 de Novembro
VPN,Vopnafjörður Airport,Vopnafjörður,IS,S,
VPS,Destin-Fort Walton Beach Airport,Valparaiso,US,M,Eglin AFB
VPY,Chimoio Airport,Chimoio,MZ,M,
VQS,Antonio Rivera Rodriguez Airport,Vieques,PR,M,
VRA,Juan Gualberto Gomez International Airport,Matanzas,CU,L,Varadero
VRB,Vero Beach Regional Airport,Vero Beach,US,M,Vero Beach Municipal
VRC,Virac Airport,Virac,PH,M,
VRL,Vila Real Airport,Vila Real,PT,M,
VRN,Verona Villafranca Valerio Catullo Airport,Caselle (VR),IT,L,Valerio Catullo Villafranca International Airport Valerio Catullo Airport Villafranca Airport
VSA,Carlos Rovirosa Pérez International Airport,Villahermosa,MX,M,Villahermosa International Airport
VSE,Aerodromo Goncalves Lobato (Viseu Airport),Viseu,PT,M,
VST,Stockholm Västerås Airport,Stockholm / Västerås,SE,M,
VSV,Shravasti Airport,Shravasti,IN,S,
VTE,Wattay International Airport,Vientiane,LA,M,
VTU,Hermanos Ameijeiras Airport,Las Tunas,CU,M,
VTZ,Visakhapatnam Airport,Visakhapatnam,IN,M,VEVZ Visakhapatnam Vizag
VUP,Alfonso López Pumarejo Airport,Valledupar,CO,M,
VVC,Vanguardia Airport,Villavicencio,CO,M,
VVI,Viru Viru International Airport,Santa Cruz,BO,L,
VVO,Vladivostok International Airport,Artyom,RU,L,Vladivostok-Knevichi Airport
VVZ,Illizi Takhamalt Airport,Illizi,DZ,M,
VXC,Lichinga Airport,Lichinga,MZ,M,
VXE,São Pedro Airport,São Pedro,CV,M,São Vicente Island
VXO,Växjö Kronoberg Airport,Växjö,SE,M,
VYI,Vilyuisk Airport,Vilyuisk,RU,M,УЕНВ Вилюйск
WAA,Wales Airport,Wales,US,S,
WAE,Wadi Al Dawasir Domestic Airport,Wadi Al Dawasir,SA,M,
WAG,Wanganui Airport,Wanganui,NZ,M,
WAI,Ambalabe Airport,Antsohihy,MG,M,
WAQ,Antsalova Airport,Antsalova,MG,S,
WAW,Warsaw Chopin Airport,Warsaw,PL,L,Okęcie
WBB,Stebbins Airport,Stebbins,US,S,
WBM,Wapenamanda Airport,Wapenamanda,PG,M,
WBQ,Beaver Airport,Beaver,US,S,
WDH,Hosea Kutako International Airport,Windhoek,NA,L,J.G. Strijdom Airport
WDN,Waldron Airstrip,Eastsound,US,S,Waldronaire
WDS,Shiyan Wudangshan Airport,Shiyan (Maojian),CN,M,
WEF,Weifang Nanyuan Airport,Weifang (Kuiwen),CN,M,
WEH,Weihai Dashuibo Airport,Weihai,CN,M,Dashuipo Yancheng Air Base
WEI,Weipa Airport,Weipa,AU,M,
WGA,Wagga Wagga City Airport,Wagga Wagga,AU,M,RAAF Base Wagga
WGE,Walgett Airport,,AU,M,
WGN,Shaoyang Wugang Airport,Shaoyang (Wugang),CN,M,
WGP,Umbu Mehang Kunda Airport,Waingapu-Sumba Island,ID,S,WRRW WADW WATU Mau Hau Airport Waingapu Airport
WHA,Wuhu Xuanzhou Airport,Wuhu,CN,M,
WHK,Whakatane Airport,,NZ,M,
WIC,Wick Airport,Wick,GB,M,
WIL,Nairobi Wilson Airport,Nairobi,KE,M,WLN
WIN,Winton Airport,,AU,M,
WJR,Wajir Airport,Wajir,KE,M,
WJU,Wonju Airport / Hoengseong Air Base (K-38/K-46),Wonju,KR,M,Wonju Hoengseong Air Base K-38 K-46 WJU RKNW RKNH
WKA,Wanaka Airport,Wanaka,NZ,M,Luggate Airport
WKJ,Wakkanai Airport,Wakkanai,JP,M,
WKK,Aleknagik / New Airport,Aleknagik,US,M,
WLG,Wellington International Airport,Wellington,NZ,L,
WLH,Walaha Airport,Walaha,VU,S,
WLK,Selawik Airport,Selawik,US,S,
WLS,Hihifo Airport,Wallis Island,WF,M,
WMI,Modlin Airport,Nowy Dwór Mazowiecki,PL,M,Warsaw Warszawa
WMN,Maroantsetra Airport,Maroantsetra,MG,M,
WMO,White Mountain Airport,White Mountain,US,S,
WMR,Mananara Nord Airport,Mananara Nord,MG,M,Avaratra Airport
WMT,Zunyi Maotai Airport,Zunyi,CN,M,
WMX,Wamena Airport,Wamena,ID,M,WAJW
WNA,Napakiak Airport,Napakiak,US,S,
WNH,Wenshan Puzhehei Airport,Wenshan,CN,S,
WNI,Matahora Airport,Wangi-wangi Island,ID,M,
WNN,Wunnumin Lake Airport,Wunnumin Lake,CA,S,KL3
WNP,Naga Airport,Naga,PH,M,
WNR,Windorah Airport,,AU,M,
WNS,Shaheed Benazirabad Airport,Nawabashah,PK,M,
WNZ,Wenzhou Longwan International Airport,Wenzhou,CN,L,温州永强机场 Wenzhou Yongqiang Airport
WOL,Shellharbour Airport,Albion Park Rail,AU,M,YWOL RAAF Albion Park Illawarra Regional Airport Albion Park Aerodrome Wollongong Airport
WOS,Wonsan Kalma International Airport,Wonsan,KP,M,
WPB,Port Bergé Airport,Port Bergé,MG,S,
WPM,Wipim Airport,Wipim,PG,S,
WRE,Whangarei Airport,Whangarei,NZ,M,
WRG,Wrangell Airport,Wrangell,US,M,
WRO,Copernicus Wrocław Airport,Wrocław,PL,M,Strachowice Breslau Wroclaw
WRY,Westray Airport,Westray,GB,S,
WSK,Chongqing Wushan Airport,Wushan,CN,S,
WSN,South Naknek Number 2 Airport,South Naknek,US,S,
WST,Westerly State Airport,Westerly,US,M,
WSZ,Westport Airport,Westport,NZ,M,
WTA,Tambohorano Airport,Tambohorano,MG,S,
WTB,Toowoomba Wellcamp Airport,Toowoomba,AU,M,Brisbane West Wellcamp
WTE,Wotje Airport,Wotje,MH,S,
WTK,Noatak Airport,Noatak,US,S,
WTL,Tuntutuliak Airport,Tuntutuliak,US,S,
WTO,Wotho Island Airport,Wotho Island,MH,S,
WTP,Woitape Airport,Fatima Mission,PG,S,
WTS,Tsiroanomandidy Airport,Tsiroanomandidy,MG,S,
WUA,Wuhai Airport,Wuhai,CN,S,乌海机场
WUH,Wuhan Tianhe International Airport,Wuhan (Huangpi),CN,L,
WUN,Wiluna Airport,,AU,M,
WUS,Nanping Wuyishan Airport,Wuyishan,CN,M,
WUT,Xinzhou Wutaishan Airport,Xinzhou,CN,S,
WUU,Wau Airport,Wau,SS,M,
WUX,Sunan Shuofang International Airport,Wuxi,CN,M,Wuxi Airport
WUZ,Wuzhou Xijiang Airport,Tangbu,CN,M,
WVB,Walvis Bay Airport,Walvis Bay,NA,M,
WWK,Wewak International Airport,Wewak,PG,M,
WWT,Mertarvik Airport,Mertarvik,US,S,Newtok
WXN,Wanzhou Wuqiao Airport,Wanzhou,CN,S,
WYA,Whyalla Airport,Whyalla,AU,M,
XAI,Xinyang Minggang Airport,Xinyang,CN,M,Queshan Air Base 信阳明港机场
XAP,Serafin Enoss Bertaso Airport,Chapecó,BR,M,Chapecó Airport
XBE,Bearskin Lake Airport,Bearskin Lake,CA,S,NE3
XBJ,Birjand International Airport,Birjand,IR,M,
XCH,Christmas Island Airport,Flying Fish Cove,CX,M,
XCR,Châlons-Vatry Airport,Bussy-Lettrée,FR,M,Paris-Châlons Paris-Vatry Paris-Vatry (Disney) Vatry Europort
XFN,Xiangyang Liuji Airport,Xiangyang (Xiangzhou),CN,M,Xiangyang Xiangfan
XGR,Kangiqsualujjuaq (Georges River) Airport,Kangiqsualujjuaq,CA,S,YLU
XIC,Xichang Qingshan Airport,Liangshan (Xichang),CN,M,
XIL,Xilinhot Airport,Xilinhot,CN,M,
XIY,Xi'an Xianyang International Airport,Xianyang (Weicheng),CN,L,西安咸阳国际机场 Xian
XKH,Xieng Khouang Airport,Xieng Khouang,LA,S,
XKS,Kasabonika Airport,Kasabonika,CA,M,YAQ
XLB,Lac Brochet Airport,Lac Brochet,CA,S,
XMH,Manihi Airport,,PF,M,
XMN,Xiamen Gaoqi International Airport,Xiamen,CN,L,厦门高崎国际机场
XMS,Coronel E Carvajal Airport,Macas,EC,M,
XMY,Yam Island Airport,Yam Island,AU,S,
XNA,Northwest Arkansas National Airport,Fayetteville/Springdale/Rogers,US,M,Bentonville Rogers
XNN,Xining Caojiabao International Airport,Haidong (Huzhu Tu Autonomous County),CN,M,Caojiabu Caojiapu
XPK,Pukatawagan Airport,Pukatawagan,CA,S,
XPL,Palmerola International Airport / José Enrique Soto Cano Air Base,Palmerola,HN,M,Comayagua International MHSC Soto Cano Palmerola Air Base Tegucigalpa
XQP,Quepos Managua Airport,Quepos,CR,M,
XQU,Qualicum Beach Airport,Qualicum Beach,CA,M,AT4
XRQ,New Barag Right Banner Baogede Airport,New Barag Right Banner,CN,S,
XRY,Jerez Airport,Jerez de la Frontera,ES,M,
XSC,South Caicos Airport,South Caicos,TC,M,
XSI,South Indian Lake Airport,South Indian Lake,CA,S,
XSP,Seletar Airport,Seletar,SG,M,
XTG,Thargomindah Airport,Thargomindah,AU,M,
XTL,Tadoule Lake Airport,Tadoule Lake,CA,S,YBQ
XUZ,Xuzhou Guanyin International Airport,Xuzhou,CN,M,
XWA,Williston Basin International Airport,Williston,US,M,
XYA,Yandina Airport,Yandina,SB,S,
XYI,Yongxing Dao (Woody Island) Airport,Sansha (Yongxing Dao / Woody Island),CN,S,VH84 Yongxing Dao Airport
YAA,Anahim Lake Airport,Anahim Lake,CA,M,AJ4
YAB,Arctic Bay Airport,Arctic Bay,CA,S,CJX7
YAC,Cat Lake Airport,Cat Lake,CA,S,
YAG,Fort Frances Municipal Airport,Fort Frances,CA,M,
YAK,Yakutat Airport,Yakutat,US,M,
YAL,Alert Bay Airport,Alert Bay,CA,S,
YAM,Sault Ste Marie Airport,Sault Ste Marie,CA,M,
YAP,Yap International Airport,Yap Island,FM,M,
YAS,Yasawa Island Airport,Yasawa Island,FJ,S,
YAT,Attawapiskat Airport,Attawapiskat,CA,S,
YAX,Wapekeka Airport,Angling Lake,CA,S,KB6
YAY,St. Anthony Airport,St. Anthony,CA,M,
YAZ,Tofino / Long Beach Airport,Tofino,CA,M,
YBB,Kugaaruk Airport,Kugaaruk,CA,S,YBB Pelly Bay Townsite Airport
YBC,Baie-Comeau Airport,Baie-Comeau,CA,M,
YBE,Uranium City Airport,Uranium City,CA,S,
YBG,CFB Bagotville / Saguenay-Bagotville Airport,La Baie,CA,M,Bagotville Airport
YBI,Black Tickle Airport,Black Tickle,CA,S,CE4
YBK,Baker Lake Airport,Baker Lake,CA,M,
YBL,Campbell River Airport,Campbell River,CA,M,
YBP,Yibin Wuliangye Airport,Yibin (Cuiping),CN,M,
YBR,Brandon Municipal Airport,Brandon,CA,M,
YBT,Brochet Airport,Brochet,CA,S,
YBV,Berens River Airport,Berens River,CA,S,
YBX,Lourdes-de-Blanc-Sablon Airport,Blanc-Sablon,CA,M,
YBY,Bonnyville Airport,Bonnyville,CA,M,YBF
YCB,Cambridge Bay Airport,Cambridge Bay,CA,M,
YCD,Nanaimo Airport,Nanaimo,CA,M,
YCG,Castlegar/West Kootenay Regional Airport,Castlegar,CA,M,
YCK,Tommy Kochon Airport,Colville Lake,CA,S,
YCL,Charlo Airport,Charlo,CA,M,
YCM,Niagara District Airport,Niagara-on-the-Lake,CA,M,YSN Saint Catharines
YCO,Kugluktuk Airport,Kugluktuk,CA,S,Copper Mine Airport
YCR,Cross Lake (Charlie Sinclair Memorial) Airport,Cross Lake,CA,S,
YCS,Chesterfield Inlet Airport,Chesterfield Inlet,CA,S,
YCU,Yuncheng Zhangxiao Airport,Yuncheng (Yanhu),CN,M,Yuncheng Guangong Airport
YCY,Clyde River Airport,Clyde River,CA,S,
YDA,Dawson City Airport,Dawson City,CA,M,
YDF,Deer Lake Airport,Deer Lake,CA,M,
YDL,Dease Lake Airport,Dease Lake,CA,S,YDL
YDN,Dauphin Barker Airport,Dauphin,CA,M,
YDP,Nain Airport,Nain,CA,S,
YDV,Bloodvein River Airport,Bloodvein River,CA,S,ZTA
YEG,Edmonton International Airport,Edmonton,CA,L,
YEI,Bursa Yenişehir Airport,Yenişehir,TR,M,
YEK,Arviat Airport,Arviat,CA,S,
YER,Fort Severn Airport,Fort Severn,CA,S,
YEV,Inuvik Mike Zubko Airport,Inuvik,CA,M,
YFA,Fort Albany Airport,Fort Albany,CA,S,
YFB,Iqaluit Airport,Iqaluit,CA,M,Frobisher Bay Air Base
YFC,Fredericton Airport,Fredericton,CA,M,
YFH,Fort Hope Airport,Fort Hope,CA,S,
YFJ,Wekweètì Airport,Wekweètì,CA,S,Wekweti Snare Lake
YFO,Flin Flon Airport,Flin Flon,CA,S,
YFS,Fort Simpson Airport,Fort Simpson,CA,M,
YFX,St. Lewis (Fox Harbour) Airport,St. Lewis,CA,S,CK4
YGH,Fort Good Hope Airport,Fort Good Hope,CA,S,
YGJ,Yonago Kitaro Airport / JASDF Miho Air Base,Yonago,JP,M,miho yonago
YGL,La Grande Rivière Airport,La Grande Rivière,CA,M,
YGO,Gods Lake Narrows Airport,Gods Lake Narrows,CA,S,
YGP,Michel-Pouliot Gaspé Airport,Gaspé,CA,M,
YGR,Îles-de-la-Madeleine Airport,Les Îles-de-la-Madeleine,CA,M,
YGT,Igloolik Airport,Igloolik,CA,S,
YGV,Havre-Saint-Pierre Airport,Havre-Saint-Pierre,CA,M,
YGW,Kuujjuarapik Airport,Kuujjuarapik,CA,M,
YGX,Gillam Airport,Gillam,CA,S,
YGZ,Grise Fiord Airport,Grise Fiord,CA,S,
YHA,Port Hope Simpson Airport,Port Hope Simpson,CA,S,CP4
YHG,Charlottetown Airport,Charlottetown,CA,S,CH4
YHI,Ulukhaktok Holman Airport,Ulukhaktok,CA,S,
YHK,Gjoa Haven Airport,Gjoa Haven,CA,S,
YHM,John C. Munro Hamilton International Airport,Hamilton,CA,M,Mount Hope Airport
YHO,Hopedale Airport,Hopedale,CA,S,CC5
YHP,Poplar Hill Airport,Poplar Hill,CA,S,
YHR,Chevery Airport,Chevery,CA,S,
YHU,Montréal / Saint-Hubert Airport,Montréal,CA,M,
YHY,Hay River / Merlyn Carter Airport,Hay River,CA,M,
YHZ,Halifax / Stanfield International Airport,Halifax,CA,L,Robert L. Stanfield International Airport
YIA,Yogyakarta International Airport,Yogyakarta,ID,M,Kulon Progo
YIC,Yichun Mingyueshan Airport,Yichun,CN,M,
YIE,Arxan Yi'ershi Airport,Arxan,CN,M,
YIF,St Augustin Airport,St-Augustin,CA,M,Pakuashipi Airport
YIH,Yichang Sanxia Airport,Yichang (Xiaoting),CN,M,
YIK,Ivujivik Airport,Ivujivik,CA,S,
YIN,Yining Airport,Ili (Yining / Ghulja),CN,S,Ghulja Ili
YIO,Pond Inlet Airport,Pond Inlet,CA,S,
YIV,Island Lake Airport,Island Lake,CA,M,
YIW,Yiwu Airport,Yiwu,CN,M,
YKA,Kamloops John Moose Fulton Field Regional Airport,Kamloops,CA,M,Fulton
YKF,Region of Waterloo International Airport,Breslau,CA,M,Breslau Kitchener Waterloo Cambridge YKF
YKG,Kangirsuk Airport,Kangirsuk,CA,S,YAS
YKH,Yingkou Lanqi Airport,Yingkou (Laobian),CN,M,
YKL,Schefferville Airport,Schefferville,CA,M,
YKM,Yakima Air Terminal McAllister Field,Yakima,US,M,
YKO,Hakkari Yüksekova Airport,Hakkari,TR,M,
YKQ,Waskaganish Airport,Waskaganish,CA,S,
YKS,Yakutsk Airport,Yakutsk,RU,M,
YKU,Chisasibi Airport,Chisasibi,CA,S,SU2
YLC,Kimmirut Airport,Kimmirut,CA,S,Lake Harbour
YLE,Whatì Airport,Whatì,CA,S,EM3
YLH,Lansdowne House Airport,Lansdowne House,CA,S,
YLK,Barrie-Lake Simcoe Regional Airport,Barrie,CA,M,NB9 CNB9 Oro Station
YLL,Lloydminster Airport,Lloydminster,CA,M,
YLW,Kelowna International Airport,Kelowna,CA,M,Kelowna Okanagan
YLX,Yulin Fumian Airport,Yùlín,CN,M,
YMH,Mary's Harbour Airport,Mary's Harbour,CA,S,
YMM,Fort McMurray Airport,Fort McMurray,CA,M,
YMN,Makkovik Airport,Makkovik,CA,S,YFT
YMO,Moosonee Airport,Moosonee,CA,M,
YMP,Port McNeill Airport,Port McNeill,CA,S,AT5
YMS,Moises Benzaquen Rengifo Airport,Yurimaguas,PE,M,
YMT,Chapais Airport,Chibougamau,CA,M,
YNA,Natashquan Airport,Natashquan,CA,M,
YNB,Prince Abdul Mohsin bin Abdulaziz International Airport / Yanbu Airport,Yanbu,SA,M,Yenbo
YNC,Wemindji Airport,Wemindji,CA,S,
YND,Ottawa / Gatineau Airport,Gatineau,CA,M,YND
YNE,Norway House Airport,Norway House,CA,S,
YNJ,Yanji Chaoyangchuan Airport,Yanji,CN,M,
YNL,Points North Landing Airport,Points North Landing,CA,M,
YNO,North Spirit Lake Airport,North Spirit Lake,CA,S,KQ3
YNP,Natuashish Airport,Natuashish,CA,S,NH2
YNS,Nemiscau Airport,Nemiscau,CA,S,YHH
YNT,Yantai Penglai International Airport,Yantai,CN,L,
YNY,Yangyang International Airport,Gonghang-ro,KR,M,RKNY YNY Yangyang Gonghang
YNZ,Yancheng Nanyang International Airport,Yancheng (Tinghu),CN,M,
YOC,Old Crow Airport,Old Crow,CA,S,
YOG,Ogoki Post Airport,Ogoki Post,CA,S,NT3
YOH,Oxford House Airport,Oxford House,CA,S,
YOJ,High Level Airport,High Level,CA,M,
YOL,Yola Airport,Yola,NG,M,
YON,Yongphulla Airport,Yongphulla,BT,S,Yonphula Airport VQ10
YOW,Ottawa Macdonald-Cartier International Airport,Ottawa,CA,L,Uplands UUP CUUP
YPA,Prince Albert Glass Field,Prince Albert,CA,M,
YPC,Paulatuk (Nora Aliqatchialuk Ruben) Airport,Paulatuk,CA,S,
YPE,Peace River Airport,Peace River,CA,M,
YPH,Inukjuak Airport,Inukjuak,CA,S,
YPJ,Aupaluk Airport,Aupaluk,CA,S,YLA
YPL,Pickle Lake Airport,Pickle Lake,CA,M,
YPM,Pikangikum Airport,Pikangikum,CA,S,
YPN,Port-Menier Airport,Port-Menier,CA,M,Anticosti
YPO,Peawanuck Airport,Peawanuck,CA,S,
YPR,Prince Rupert Airport,Prince Rupert,CA,M,
YPW,Powell River Airport,Powell River,CA,M,
YPX,Puvirnituq Airport,Puvirnituq,CA,M,
YPY,Fort Chipewyan Airport,Fort Chipewyan,CA,M,
YPZ,Burns Lake Airport,Burns Lake,CA,M,YPZ
YQA,Muskoka Airport,Gravenhurst,CA,M,
YQB,Quebec Jean Lesage International Airport,Quebec,CA,L,Quebec City
YQC,Quaqtaq Airport,Quaqtaq,CA,S,YHA
YQD,The Pas Airport,The Pas,CA,M,
YQG,Windsor Airport,Windsor,CA,M,
YQH,Watson Lake Airport,Watson Lake,CA,M,
YQK,Kenora Airport,Kenora,CA,M,
YQL,Lethbridge County Airport,Lethbridge,CA,M,Kenyon Field
YQM,Greater Moncton Roméo LeBlanc International Airport,Moncton,CA,M,CYQM YQM Moncton
YQN,Nakina Airport,Nakina,CA,M,
YQQ,Comox Valley Airport / CFB Comox,Comox,CA,M,CFB Comox
YQR,Regina International Airport,Regina,CA,M,YQR Roland J. Groome International
YQT,Thunder Bay Airport,Thunder Bay,CA,M,
YQU,Grande Prairie Airport,Grande Prairie,CA,M,
YQX,Gander International Airport / CFB Gander,Gander,CA,M,CFB Gander
YQY,Sydney / J.A. Douglas McCurdy Airport,Sydney,CA,M,
YQZ,Quesnel Airport,Quesnel,CA,M,
YRA,Rae Lakes Airport,Gamètì,CA,S,
YRB,Resolute Bay Airport,Resolute Bay,CA,M,
YRF,Cartwright Airport,Cartwright,CA,S,YCA
YRG,Rigolet Airport,Rigolet,CA,S,CZ2
YRJ,Roberval Airport,Roberval,CA,M,
YRL,Red Lake Airport,Red Lake,CA,M,
YRS,Red Sucker Lake Airport,Red Sucker Lake,CA,S,
YRT,Rankin Inlet Airport,Rankin Inlet,CA,M,
YSB,Sudbury Airport,Sudbury,CA,M,
YSF,Stony Rapids Airport,Stony Rapids,CA,M,
YSG,Lutselk'e Airport,Lutselk'e,CA,S,YLK EL3 Snowdrift Airport
YSJ,Saint John Airport,Saint John,CA,M,
YSK,Sanikiluaq Airport,Sanikiluaq,CA,S,
YSM,Fort Smith Airport,Fort Smith,CA,M,
YSO,Postville Airport,Postville,CA,S,CD4
YSQ,Songyuan Chaganhu Airport,Qian Gorlos Mongol Autonomous County,CN,M,
YST,St. Theresa Point Airport,St. Theresa Point,CA,S,
YSY,Sachs Harbour (David Nasogaluak Jr. Saaryuaq) Airport,Sachs Harbour,CA,S,
YTE,Cape Dorset Airport,Kinngait,CA,S,
YTH,Thompson Airport,Thompson,CA,M,
YTL,Big Trout Lake Airport,Big Trout Lake,CA,S,
YTQ,Tasiujaq Airport,Tasiujaq,CA,S,
YTS,Timmins/Victor M. Power,Timmins,CA,M,Timmins Victor M. Power Airport
YTW,Yutian Wanfang Airport,Hotan (Yutian),CN,S,
YTY,Yangzhou Taizhou Airport,Yangzhou,CN,M,Yangtai Airport
YTZ,Billy Bishop Toronto City Centre Airport,Toronto,CA,M,YTO Toronto Island Airport
YUD,Umiujaq Airport,Umiujaq,CA,S,YMU
YUL,Montreal / Pierre Elliott Trudeau International Airport,Montréal,CA,L,YMQ Dorval Airport
YUM,Yuma International Airport / Marine Corps Air Station Yuma,Yuma,US,M,Yuma MCAS Yuma Marine Corps Air Station Formerly KYUM
YUS,Yushu Batang Airport,Yushu (Batang),CN,M,
YUT,Naujaat Airport,Repulse Bay,CA,S,Repulse Bay Airport
YUX,Hall Beach Airport,Sanirajak,CA,M,
YUY,Rouyn Noranda Airport,Rouyn-Noranda,CA,M,
YVB,Bonaventure Airport,Bonaventure,CA,M,
YVC,La Ronge Airport,La Ronge,CA,M,
YVM,Qikiqtarjuaq Airport,Qikiqtarjuaq,CA,S,
YVO,Val-d'Or Airport,Val-d'Or,CA,M,
YVP,Kuujjuaq Airport,Kuujjuaq,CA,M,
YVQ,Norman Wells Airport,Norman Wells,CA,M,
YVR,Vancouver International Airport,Vancouver,CA,L,
YVV,Wiarton Airport,Wiarton,CA,M,
YVZ,Deer Lake Airport,Deer Lake,CA,S,
YWB,Kangiqsujuaq (Wakeham Bay) Airport,Kangiqsujuaq,CA,S,
YWG,Winnipeg / James Armstrong Richardson International Airport,Winnipeg,CA,L,CFB Winnipeg
YWJ,Déline Airport,Déline,CA,S,Délı̨nę Fort Franklin
YWK,Wabush Airport,Wabush,CA,M,
YWL,Williams Lake Airport,Williams Lake,CA,M,
YWM,Williams Harbour Airport,Williams Harbour,CA,S,
YWP,Webequie Airport,Webequie,CA,S,
YXC,Cranbrook/Canadian Rockies International Airport,Cranbrook,CA,M,
YXE,Saskatoon John G. Diefenbaker International Airport,Saskatoon,CA,M,
YXH,Medicine Hat Regional Airport,Medicine Hat,CA,M,
YXJ,Fort St John / North Peace Regional Airport,Fort Saint John,CA,M,BZ3
YXK,Rimouski Airport,Rimouski,CA,M,
YXL,Sioux Lookout Airport,Sioux Lookout,CA,M,
YXN,Whale Cove Airport,Whale Cove,CA,S,
YXP,Pangnirtung Airport,Pangnirtung,CA,S,
YXS,Prince George Airport,Prince George,CA,M,Prince George International
YXT,Northwest Regional Airport Terrace-Kitimat,Terrace,CA,M,
YXU,London Airport,London,CA,M,
YXX,Abbotsford International Airport,Abbotsford,CA,M,
YXY,Whitehorse / Erik Nielsen International Airport,Whitehorse,CA,M,
YYA,Yueyang Sanhe Airport,Yueyang (Yueyanglou),CN,M,
YYB,North Bay Jack Garland Airport,North Bay,CA,M,Jack Garland Airport CFB North Bay
YYC,Calgary International Airport,Calgary,CA,L,McCall Field
YYD,Smithers Airport,Smithers,CA,M,
YYE,Fort Nelson Airport,Fort Nelson,CA,M,
YYF,Penticton Airport,Penticton,CA,M,
YYG,Charlottetown Airport,Charlottetown,CA,M,PEI
YYH,Taloyoak Airport,Taloyoak,CA,S,Spence Bay
YYJ,Victoria International Airport,Victoria,CA,M,
YYL,Lynn Lake Airport,Lynn Lake,CA,M,
YYQ,Churchill Airport,Churchill,CA,M,
YYR,Goose Bay Airport,Goose Bay,CA,M,CFB Goose Bay
YYT,St. John's International Airport,St. John's,CA,L,
YYY,Mont Joli Airport,Mont-Joli,CA,M,
YYZ,Toronto Lester B. Pearson International Airport,Toronto,CA,L,YTO Toronto International Airport Malton
YZF,Yellowknife International Airport,Yellowknife,CA,M,
YZG,Salluit Airport,Salluit,CA,S,
YZP,Sandspit Airport,Sandspit,CA,M,Queen Charlotte Islands Haida Gwaii
YZS,Coral Harbour Airport,Coral Harbour,CA,M,
YZT,Port Hardy Airport,Port Hardy,CA,M,
YZU,Whitecourt Airport,Whitecourt,CA,M,
YZV,Sept-Îles Airport,Sept-Îles,CA,M,
YZY,Zhangye Ganzhou Airport,Zhangye (Ganzhou),CN,S,Zhangye Southeast Air Base 张掖甘州机场
YZZ,Trail Regional Airport,Trail,CA,S,AD4
ZAD,Zadar Airport,Zemunik Donji (Zadar),HR,M,
ZAG,Zagreb Franjo Tuđman International Airport,Velika Gorica,HR,L,Pleso
ZAH,Zahedan International Airport,Zahedan,IR,M,
ZAL,Pichoy Airport,Valdivia,CL,M,
ZAM,Zamboanga International Airport,Zamboanga City,PH,M,
ZAT,Zhaotong Airport,Zhaotong (Zhaoyang),CN,S,
ZAZ,Zaragoza Airport,Zaragoza,ES,M,
ZBF,Bathurst Airport,South Tetagouche,CA,M,ZBF
ZBR,Chabahar Konarak International Airport,Konarak,IR,M,
ZCL,General Leobardo C. Ruiz International Airport,Zacatecas,MX,M,Zacatecas International Airport Aeropuerto Internacional General Leobardo C. Ruiz
ZCO,La Araucanía Airport,Temuco,CL,M,
ZDY,Delma Airport,Delma Island,AE,S,Dalma
ZEL,Bella Bella (Campbell Island) Airport,Bella Bella,CA,M,BBC
ZEM,Eastmain River Airport,Eastmain River,CA,S,
ZFD,Fond-du-Lac Airport,Fond-du-Lac,CA,S,
ZFL,Zhaosu Tianma Airport,Zhaosu,CN,S,
ZFM,Fort Mcpherson Airport,Fort Mcpherson,CA,S,
ZFN,Tulita Airport,Tulita,CA,S,Fort Norman
ZGI,Gods River Airport,Gods River,CA,S,
ZGS,La Romaine Airport,Le Golfe-du-Saint-Laurent,CA,S,Gethsemani La Romaine
ZGU,Gaua Island Airport,Gaua Island,VU,M,Banks Islands
ZHA,Zhanjiang Wuchuan Airport,Zhanjiang,CN,M,
ZHY,Zhongwei Shapotou Airport,Zhongwei (Shapotou),CN,M,
ZIA,Zhukovsky International Airport,Moscow,RU,L,Аэропорт Раменское Zhukovsky Air Base Gromov Flight Research Institute Лётно-исследовательский институт имени М. М. Гром
ZIH,Ixtapa-Zihuatanejo International Airport,Ixtapa,MX,M,Aeropuerto Internacional de Zihuatanejo
ZIX,Zhigansk Airport,Zhigansk,RU,M,УЕЖЖ Аэропорт Жиганск
ZKE,Kashechewan Airport,Kashechewan,CA,S,
ZKG,Kégashka Airport,Côte-Nord-du-Golfe-du-Saint-Laurent,CA,S,Kegaska
ZKP,Zyryanka Airport,Zyryanka,RU,M,УЕСУ Аэропорт Зырянка
ZLO,Playa de Oro International Airport,Manzanillo,MX,M,Manzanillo Costalegre Aeropuerto Internacional Playa de Oro
ZLT,La Tabatière Airport,La Tabatière,CA,S,TU5
ZMT,Masset Airport,Masset,CA,M,
ZND,Zinder Airport,Zinder,NE,M,
ZNE,Newman Airport,Newman,AU,M,
ZNZ,Abeid Amani Karume International Airport,Zanzibar,TZ,L,HTAK Zanzibar Airport Kiembi Samaki
ZOS,Cañal Bajo Carlos - Hott Siebert Airport,Osorno,CL,M,
ZPB,Sachigo Lake Airport,Sachigo Lake,CA,S,
ZPC,Pucón Airport,Pucon,CL,S,
ZQN,Queenstown International Airport,Queenstown,NZ,M,
ZQZ,Zhangjiakou Ningyuan Airport,Zhangjiakou,CN,M,Zhangjiakou Air Base 张家口宁远机场 ZZHA
ZRH,Zürich Airport,Zurich,CH,L,
ZRJ,Round Lake (Weagamow Lake) Airport,Round Lake,CA,S,
ZSA,San Salvador Airport,San Salvador,BS,M,
ZSE,Pierrefonds Airport,Saint-Pierre,RE,M,Aéroport de Saint-Pierre - Pierrefonds
ZSJ,Sandy Lake Airport,Sandy Lake,CA,M,
ZTB,Tête-à-la-Baleine Airport,Tête-à-la-Baleine,CA,S,TB6
ZTH,Zakynthos International Airport Dionysios Solomos,Zakynthos,GR,M,Zakinthos
ZTM,Shamattawa Airport,Shamattawa,CA,S,
ZUH,Zhuhai Jinwan Airport,Zhuhai (Jinwan),CN,M,
ZUM,Churchill Falls Airport,Churchill Falls,CA,S,ZUM
ZVA,Miandrivazo Airport,Miandrivazo,MG,M,
ZWL,Wollaston Lake Airport,Wollaston Lake,CA,S,
ZYI,Zunyi Xinzhou Airport,Zunyi,CN,M,
ZYL,Osmany International Airport,Sylhet,BD,M,
